-- phpMyAdmin SQL Dump
-- version 3.4.11.1deb1
-- http://www.phpmyadmin.net
--
-- Host: localhost
-- Generation Time: Jan 27, 2014 at 11:35 AM
-- Server version: 5.5.35
-- PHP Version: 5.4.6-1ubuntu1.6

SET SQL_MODE="NO_AUTO_VALUE_ON_ZERO";
SET time_zone = "+00:00";


/*!40101 SET @OLD_CHARACTER_SET_CLIENT=@@CHARACTER_SET_CLIENT */;
/*!40101 SET @OLD_CHARACTER_SET_RESULTS=@@CHARACTER_SET_RESULTS */;
/*!40101 SET @OLD_COLLATION_CONNECTION=@@COLLATION_CONNECTION */;
/*!40101 SET NAMES utf8 */;

--
-- Database: `lafalafa_cakephp`
--

-- --------------------------------------------------------

--
-- Table structure for table `affiliates`
--

CREATE TABLE IF NOT EXISTS `affiliates` (
  `id` int(11) NOT NULL AUTO_INCREMENT,
  `name` varchar(100) NOT NULL,
  `url` text NOT NULL,
  `affiliate_source` varchar(200) NOT NULL,
  PRIMARY KEY (`id`)
) ENGINE=InnoDB  DEFAULT CHARSET=latin1 AUTO_INCREMENT=6 ;

--
-- Dumping data for table `affiliates`
--

INSERT INTO `affiliates` (`id`, `name`, `url`, `affiliate_source`) VALUES
(1, 'Komli', 'http://www.shopnineteen.com/everything-rs-299.html', 'LafaLafakomli'),
(2, 'Above 99', 'http://www.shopnineteen.com/everything-rs-299.html', 'LafaLafakomli'),
(3, 'Usefull', 'http://www.shopnineteen.com/everything-rs-299.html', 'LafaLafakomli'),
(4, 'Home & Kitchen', 'http://www.shopnineteen.com/everything-rs-299.html', 'LafaLafakomli'),
(5, 'OMG', 'OMG', 'OMG');

-- --------------------------------------------------------

--
-- Table structure for table `brands`
--

CREATE TABLE IF NOT EXISTS `brands` (
  `id` int(11) NOT NULL AUTO_INCREMENT,
  `name` varchar(60) NOT NULL,
  `image` varchar(50) NOT NULL,
  `shortdesc` varchar(255) NOT NULL,
  `status` int(1) NOT NULL,
  `noofclick` int(11) NOT NULL,
  `createdby` varchar(50) NOT NULL,
  `createddate` datetime NOT NULL,
  `modifiedby` varchar(50) NOT NULL,
  `modifieddate` datetime NOT NULL,
  PRIMARY KEY (`id`)
) ENGINE=InnoDB  DEFAULT CHARSET=latin1 AUTO_INCREMENT=6 ;

--
-- Dumping data for table `brands`
--

INSERT INTO `brands` (`id`, `name`, `image`, `shortdesc`, `status`, `noofclick`, `createdby`, `createddate`, `modifiedby`, `modifieddate`) VALUES
(2, 'Polo', '', 'Polo', 1, 0, 'Admin', '2013-12-30 06:12:20', '', '0000-00-00 00:00:00'),
(3, 'Pol shivam', 'pr.jpg', 'polo', 0, 0, 'Admin', '2013-12-31 01:12:44', 'Admin', '2014-01-14 06:01:53'),
(4, 'wqwq', '', 'wqwq', 1, 0, '', '0000-00-00 00:00:00', '', '0000-00-00 00:00:00'),
(5, 'wqsdswq', '', 'wqsdswq', 1, 0, '', '0000-00-00 00:00:00', '', '0000-00-00 00:00:00');

-- --------------------------------------------------------

--
-- Table structure for table `brands_cashbacks`
--

CREATE TABLE IF NOT EXISTS `brands_cashbacks` (
  `id` int(11) NOT NULL AUTO_INCREMENT,
  `cashback_id` int(11) NOT NULL,
  `brand_id` int(11) NOT NULL,
  PRIMARY KEY (`id`)
) ENGINE=InnoDB DEFAULT CHARSET=latin1 AUTO_INCREMENT=1 ;

-- --------------------------------------------------------

--
-- Table structure for table `brands_coupons`
--

CREATE TABLE IF NOT EXISTS `brands_coupons` (
  `id` int(11) NOT NULL AUTO_INCREMENT,
  `coupon_id` int(11) NOT NULL,
  `brand_id` int(11) NOT NULL,
  PRIMARY KEY (`id`)
) ENGINE=InnoDB DEFAULT CHARSET=latin1 AUTO_INCREMENT=1 ;

-- --------------------------------------------------------

--
-- Table structure for table `brands_stores`
--

CREATE TABLE IF NOT EXISTS `brands_stores` (
  `id` int(11) NOT NULL AUTO_INCREMENT,
  `store_id` int(11) NOT NULL,
  `brand_id` int(11) NOT NULL,
  PRIMARY KEY (`id`)
) ENGINE=InnoDB DEFAULT CHARSET=latin1 AUTO_INCREMENT=1 ;

-- --------------------------------------------------------

--
-- Table structure for table `cashbacks`
--

CREATE TABLE IF NOT EXISTS `cashbacks` (
  `id` int(11) NOT NULL AUTO_INCREMENT,
  `store_id` int(11) NOT NULL,
  `affiliate_id` int(11) DEFAULT NULL,
  `name` varchar(200) NOT NULL,
  `short_desc` varchar(250) NOT NULL,
  `price_rule` varchar(100) NOT NULL,
  `payout` int(11) NOT NULL,
  `discount` varchar(5) NOT NULL,
  `Tag` varchar(200) NOT NULL,
  `url` varchar(255) NOT NULL,
  `no_of_click` int(11) NOT NULL,
  `last_sale_track` int(11) NOT NULL,
  `start_date` datetime NOT NULL,
  `expiry_date` datetime NOT NULL,
  `type` varchar(10) NOT NULL,
  `utm` varchar(200) NOT NULL,
  `affiliatekey` varchar(100) NOT NULL,
  `status` int(1) NOT NULL,
  `pincodes` int(7) DEFAULT NULL,
  `shipping_time` varchar(20) NOT NULL,
  `refund_policy` text NOT NULL,
  `terms_cond` text NOT NULL,
  `createdby` varchar(50) NOT NULL,
  `createddate` datetime NOT NULL,
  `modifiedby` varchar(50) NOT NULL,
  `modifieddate` datetime NOT NULL,
  PRIMARY KEY (`id`)
) ENGINE=InnoDB  DEFAULT CHARSET=latin1 AUTO_INCREMENT=20 ;

--
-- Dumping data for table `cashbacks`
--

INSERT INTO `cashbacks` (`id`, `store_id`, `affiliate_id`, `name`, `short_desc`, `price_rule`, `payout`, `discount`, `Tag`, `url`, `no_of_click`, `last_sale_track`, `start_date`, `expiry_date`, `type`, `utm`, `affiliatekey`, `status`, `pincodes`, `shipping_time`, `refund_policy`, `terms_cond`, `createdby`, `createddate`, `modifiedby`, `modifieddate`) VALUES
(1, 6, 0, '20% Flat Off Max Cap 1000/-', 'xzxzxzxz', 'PEPOMGF20PER', 21, '12121', 'eexzxzxzw', 'http://www.pepperfry.com/furniture.html', 0, 0, '2013-12-02 00:12:00', '2014-01-31 00:01:00', 'CPS', '', '', 1, NULL, '', '', '', 'Admin', '2014-01-23 01:01:52', '', '0000-00-00 00:00:00'),
(2, 6, 0, '20% Flat Off Max Cap 750/-', '', 'PEPOMG20PER', 120, '323', '', 'http://www.pepperfry.com/', 0, 0, '2013-12-02 00:12:00', '2014-01-31 00:01:00', 'CPC', '', '', 1, NULL, '', '', '', 'Admin', '2014-01-23 01:01:52', '', '0000-00-00 00:00:00'),
(3, 7, 0, 'OMG Water Purifier Sale @10% Off @ Max 750', '', 'SCWPOMG10', 123, '23232', '', 'http://www.shopclues.com/home-applliances/small-appliances-en-2/water-purifiers.html', 0, 0, '2013-12-01 00:12:00', '2014-10-31 00:10:00', '', '', '', 1, NULL, '', '', '', 'Admin', '2014-01-23 01:01:52', '', '0000-00-00 00:00:00'),
(4, 7, 0, 'OMG TV Sale @Rs.. 700 Off on Min 17000.', '', 'SCTVOMG10', 123, '23', '', 'http://www.shopclues.com/electronics/tvs/led.html', 0, 0, '2013-12-01 00:12:00', '2014-10-31 00:10:00', '', '', '', 1, NULL, '', '', '', 'Admin', '2014-01-23 01:01:52', '', '0000-00-00 00:00:00'),
(5, 7, 0, 'OMG Shoes Sale Additional 12% Off @ Max 300', '', 'SCSHOMG12', 12, '2323', '', 'http://www.shopclues.com/footwear-en.html', 0, 0, '2013-12-01 00:12:00', '2014-10-31 00:10:00', '', '', '', 1, NULL, '', '', '', 'Admin', '2014-01-23 01:01:53', '', '0000-00-00 00:00:00'),
(6, 7, 0, 'OMG Laptop Sale @Rs..500 Off.', '', 'SCCS50OMG', 123, '232', '', 'http://www.shopclues.com/computers/laptop-sale-en.html', 0, 0, '2013-12-01 00:12:00', '2014-10-31 00:10:00', '', '', '', 1, NULL, '', '', '', 'Admin', '2014-01-23 01:01:53', '', '0000-00-00 00:00:00'),
(7, 7, 0, 'OMG Laptop Sale @Rs..1500 Off.', '', 'SCCS15OMG', 123, '0', '', 'http://www.shopclues.com/computers/laptop-sale-en.html', 0, 0, '2013-12-01 00:12:00', '2014-10-31 00:10:00', '', '', '', 1, NULL, '', '', '', 'Admin', '2014-01-23 01:01:53', '', '0000-00-00 00:00:00'),
(8, 7, 0, 'OMG Laptop Sale @Rs..1000 Off.', '', 'SCCS10OMG', 0, '0', '', 'http://www.shopclues.com/computers/laptop-sale-en.html', 0, 0, '2013-12-01 00:12:00', '2014-10-31 00:10:00', '', '', '', 1, NULL, '', '', '', 'Admin', '2014-01-23 01:01:53', '', '0000-00-00 00:00:00'),
(9, 7, 0, 'OMG Jewellery Sale Additional 12% Off @ Max 400', '', 'SCOMGJEWEL', 0, '0', '', 'http://www.shopclues.com/jewelry-and-watches/jewelry.html', 0, 0, '2013-12-01 00:12:00', '2014-10-31 00:10:00', '', '', '', 1, NULL, '', '', '', 'Admin', '2014-01-23 01:01:53', '', '0000-00-00 00:00:00'),
(10, 6, 0, '20% Flat Off Max Cap 1000/-', 'xzxzxzxz', 'PEPOMGF20PER', 21, '12121', 'eexzxzxzw', 'http://www.pepperfry.com/furniture.html', 0, 0, '2013-12-02 00:12:00', '2014-01-31 00:01:00', 'CPS', '', '', 1, NULL, '', '', '', 'Admin', '2014-01-23 02:01:43', '', '0000-00-00 00:00:00'),
(11, 6, 0, '20% Flat Off Max Cap 750/-', '', 'PEPOMG20PER', 120, '323', '', 'http://www.pepperfry.com/', 0, 0, '2013-12-02 00:12:00', '2014-01-31 00:01:00', 'CPC', '', '', 1, NULL, '', '', '', 'Admin', '2014-01-23 02:01:43', '', '0000-00-00 00:00:00'),
(12, 7, 0, 'OMG Water Purifier Sale @10% Off @ Max 750', '', 'SCWPOMG10', 123, '23232', '', 'http://www.shopclues.com/home-applliances/small-appliances-en-2/water-purifiers.html', 0, 0, '2013-12-01 00:12:00', '2014-10-31 00:10:00', '', '', '', 1, NULL, '', '', '', 'Admin', '2014-01-23 02:01:43', '', '0000-00-00 00:00:00'),
(13, 7, 0, 'OMG TV Sale @Rs.. 700 Off on Min 17000.', '', 'SCTVOMG10', 123, '23', '', 'http://www.shopclues.com/electronics/tvs/led.html', 0, 0, '2013-12-01 00:12:00', '2014-10-31 00:10:00', '', '', '', 1, NULL, '', '', '', 'Admin', '2014-01-23 02:01:44', '', '0000-00-00 00:00:00'),
(14, 7, 0, 'OMG Shoes Sale Additional 12% Off @ Max 300', '', 'SCSHOMG12', 12, '2323', '', 'http://www.shopclues.com/footwear-en.html', 0, 0, '2013-12-01 00:12:00', '2014-10-31 00:10:00', '', '', '', 1, NULL, '', '', '', 'Admin', '2014-01-23 02:01:44', '', '0000-00-00 00:00:00'),
(15, 7, 0, 'OMG Laptop Sale @Rs..500 Off.', '', 'SCCS50OMG', 123, '232', '', 'http://www.shopclues.com/computers/laptop-sale-en.html', 0, 0, '2013-12-01 00:12:00', '2014-10-31 00:10:00', '', '', '', 1, NULL, '', '', '', 'Admin', '2014-01-23 02:01:44', '', '0000-00-00 00:00:00'),
(16, 7, 0, 'OMG Laptop Sale @Rs..1500 Off.', '', 'SCCS15OMG', 123, '0', '', 'http://www.shopclues.com/computers/laptop-sale-en.html', 0, 0, '2013-12-01 00:12:00', '2014-10-31 00:10:00', '', '', '', 1, NULL, '', '', '', 'Admin', '2014-01-23 02:01:44', '', '0000-00-00 00:00:00'),
(17, 7, 0, 'OMG Laptop Sale @Rs..1000 Off.', '', 'SCCS10OMG', 0, '0', '', 'http://www.shopclues.com/computers/laptop-sale-en.html', 0, 0, '2013-12-01 00:12:00', '2014-10-31 00:10:00', '', '', '', 1, NULL, '', '', '', 'Admin', '2014-01-23 02:01:44', '', '0000-00-00 00:00:00'),
(18, 7, 0, 'OMG Jewellery Sale Additional 12% Off @ Max 400', '', 'SCOMGJEWEL', 0, '0', '', 'http://www.shopclues.com/jewelry-and-watches/jewelry.html', 0, 0, '2013-12-01 00:12:00', '2014-10-31 00:10:00', '', '', '', 1, NULL, '', '', '', 'Admin', '2014-01-23 02:01:45', '', '0000-00-00 00:00:00'),
(19, 1, NULL, 'ASASA', '', '', 22, '22', '', 'http://www.shopclues.com/jewelry-and-watches/jewelry.html', 0, 0, '2014-01-01 00:00:00', '2014-01-30 23:59:00', '', '', '', 1, 121212, '', '', '', 'Admin', '2014-01-23 02:01:41', 'Admin', '2014-01-23 02:01:29');

-- --------------------------------------------------------

--
-- Table structure for table `categories`
--

CREATE TABLE IF NOT EXISTS `categories` (
  `id` int(11) NOT NULL AUTO_INCREMENT,
  `name` varchar(50) NOT NULL,
  `lft` int(10) NOT NULL,
  `rght` int(10) NOT NULL,
  `parent_id` int(11) NOT NULL,
  `image` varchar(50) NOT NULL,
  `shortdesc` varchar(255) NOT NULL,
  `noofclick` int(11) NOT NULL,
  `status` int(1) NOT NULL,
  `createdby` varchar(20) NOT NULL,
  `createddate` datetime NOT NULL,
  `modifiedby` varchar(20) NOT NULL,
  `modifieddate` datetime NOT NULL,
  PRIMARY KEY (`id`)
) ENGINE=InnoDB  DEFAULT CHARSET=latin1 AUTO_INCREMENT=426 ;

--
-- Dumping data for table `categories`
--

INSERT INTO `categories` (`id`, `name`, `lft`, `rght`, `parent_id`, `image`, `shortdesc`, `noofclick`, `status`, `createdby`, `createddate`, `modifiedby`, `modifieddate`) VALUES
(1, 'Mobiles & Computers', 1, 50, 0, '', 'Mobiles & Computers', 0, 1, 'Admin', '2014-01-17 02:01:37', '', '0000-00-00 00:00:00'),
(2, 'Mobile Phones', 2, 13, 1, '', 'Mobile Phones', 0, 1, 'Admin', '2014-01-17 02:01:18', '', '0000-00-00 00:00:00'),
(3, 'All Mobile Phones', 3, 4, 2, '', 'All Mobile Phones', 0, 1, 'Admin', '2014-01-17 02:01:49', '', '0000-00-00 00:00:00'),
(4, 'New Releases', 5, 6, 2, '', 'New Releases', 0, 1, 'Admin', '2014-01-17 02:01:01', '', '0000-00-00 00:00:00'),
(5, 'Mobile Accessories', 7, 8, 2, '', 'Mobile Accessories', 0, 1, 'Admin', '2014-01-17 02:01:18', '', '0000-00-00 00:00:00'),
(6, 'Android Phones', 9, 10, 2, '', 'Android Phones', 0, 1, 'Admin', '2014-01-17 02:01:31', '', '0000-00-00 00:00:00'),
(7, 'Dual Sim Phones', 11, 12, 2, '', 'Dual Sim Phones', 0, 1, 'Admin', '2014-01-17 02:01:46', '', '0000-00-00 00:00:00'),
(8, 'Tablets', 14, 27, 1, '', 'Tablets', 0, 1, 'Admin', '2014-01-17 02:01:04', '', '0000-00-00 00:00:00'),
(9, 'Android Tablets', 15, 16, 8, '', 'Android Tablets', 0, 1, 'Admin', '2014-01-17 02:01:15', '', '0000-00-00 00:00:00'),
(10, 'Google Nexus', 17, 18, 8, '', 'Google Nexus', 0, 1, 'Admin', '2014-01-17 02:01:27', '', '0000-00-00 00:00:00'),
(11, 'Samsung Galaxy', 19, 20, 8, '', 'Samsung Galaxy', 0, 1, 'Admin', '2014-01-17 02:01:41', '', '0000-00-00 00:00:00'),
(12, 'Apple iPads', 21, 22, 8, '', 'Apple iPads', 0, 1, 'Admin', '2014-01-17 02:01:52', '', '0000-00-00 00:00:00'),
(13, 'Amazon Kindle', 23, 24, 8, '', 'Amazon Kindle', 0, 1, 'Admin', '2014-01-17 02:01:08', '', '0000-00-00 00:00:00'),
(14, 'Tablet Accessories', 25, 26, 8, '', 'Tablet Accessories', 0, 1, 'Admin', '2014-01-17 02:01:20', '', '0000-00-00 00:00:00'),
(15, 'Laptops & Computers', 28, 49, 1, '', 'Laptops & Computers', 0, 1, 'Admin', '2014-01-17 02:01:31', '', '0000-00-00 00:00:00'),
(16, 'Laptops', 29, 30, 15, '', 'Laptops', 0, 1, 'Admin', '2014-01-17 02:01:47', '', '0000-00-00 00:00:00'),
(17, 'Laptop Accessories', 31, 32, 15, '', 'Laptop Accessories', 0, 1, 'Admin', '2014-01-17 02:01:04', '', '0000-00-00 00:00:00'),
(18, 'Computers & Accessories', 33, 34, 15, '', 'Computers & Accessories', 0, 1, 'Admin', '2014-01-17 02:01:16', '', '0000-00-00 00:00:00'),
(19, 'Netbooks', 35, 36, 15, '', 'Netbooks', 0, 1, 'Admin', '2014-01-17 02:01:29', '', '0000-00-00 00:00:00'),
(20, 'Data Storage', 37, 38, 15, '', 'Data Storage', 0, 1, 'Admin', '2014-01-17 02:01:52', '', '0000-00-00 00:00:00'),
(21, 'USB Flash Drives', 39, 40, 15, '', 'USB Flash Drives', 0, 1, 'Admin', '2014-01-17 02:01:04', '', '0000-00-00 00:00:00'),
(22, 'Memory Cards', 41, 42, 15, '', 'Memory Cards', 0, 1, 'Admin', '2014-01-17 02:01:12', '', '0000-00-00 00:00:00'),
(23, 'Desktops', 43, 44, 15, '', 'Desktops', 0, 1, 'Admin', '2014-01-17 02:01:06', '', '0000-00-00 00:00:00'),
(24, 'Computer Hardware', 45, 46, 15, '', 'Computer Hardware', 0, 1, 'Admin', '2014-01-17 02:01:16', '', '0000-00-00 00:00:00'),
(25, 'Printers', 47, 48, 15, '', 'Printers', 0, 1, 'Admin', '2014-01-17 02:01:39', '', '0000-00-00 00:00:00'),
(26, 'Electronics & Cameras', 51, 146, 0, '', 'Electronics & Cameras', 0, 1, 'Admin', '2014-01-17 02:01:37', '', '0000-00-00 00:00:00'),
(27, 'Home Cinema & TV', 52, 65, 26, '', 'Home Cinema & TV', 0, 1, 'Admin', '2014-01-17 02:01:44', '', '0000-00-00 00:00:00'),
(28, 'Televisions', 53, 54, 27, '', 'Televisions', 0, 1, 'Admin', '2014-01-17 02:01:06', '', '0000-00-00 00:00:00'),
(29, 'Satellite Television Systems', 55, 56, 27, '', 'Satellite Television Systems', 0, 1, 'Admin', '2014-01-17 02:01:19', '', '0000-00-00 00:00:00'),
(30, 'TV Receivers', 57, 58, 27, '', 'TV Receivers', 0, 1, 'Admin', '2014-01-17 02:01:33', '', '0000-00-00 00:00:00'),
(31, 'Home Theater Systems', 59, 60, 27, '', 'Home Theater  Systems', 0, 1, 'Admin', '2014-01-17 02:01:41', '', '0000-00-00 00:00:00'),
(32, 'Dth & Accessories', 61, 62, 27, '', 'Dth & Accessories', 0, 1, 'Admin', '2014-01-17 02:01:11', '', '0000-00-00 00:00:00'),
(33, 'Projection Screens', 63, 64, 27, '', 'Projection Screens', 0, 1, 'Admin', '2014-01-17 02:01:24', '', '0000-00-00 00:00:00'),
(34, 'Cameras', 66, 95, 26, '', 'Cameras', 0, 1, 'Admin', '2014-01-17 02:01:38', '', '0000-00-00 00:00:00'),
(35, 'Digital Cameras', 67, 68, 34, '', 'Digital Cameras', 0, 1, 'Admin', '2014-01-17 02:01:52', '', '0000-00-00 00:00:00'),
(36, 'Accessories', 69, 70, 34, '', 'Accessories', 0, 1, 'Admin', '2014-01-17 02:01:07', '', '0000-00-00 00:00:00'),
(37, 'Digital Frames', 71, 72, 34, '', 'Digital Frames', 0, 1, 'Admin', '2014-01-17 02:01:19', '', '0000-00-00 00:00:00'),
(38, 'Lenses', 73, 74, 34, '', 'Lenses', 0, 1, 'Admin', '2014-01-17 02:01:03', '', '0000-00-00 00:00:00'),
(39, 'Film Cameras', 75, 76, 34, '', 'Film Cameras', 0, 1, 'Admin', '2014-01-17 02:01:15', '', '0000-00-00 00:00:00'),
(40, 'Flashes', 77, 78, 34, '', 'Flashes', 0, 1, 'Admin', '2014-01-17 02:01:26', '', '0000-00-00 00:00:00'),
(41, 'Photo Printers', 79, 80, 34, '', 'Photo Printers', 0, 1, 'Admin', '2014-01-17 02:01:38', '', '0000-00-00 00:00:00'),
(42, 'Photo Projectors', 81, 82, 34, '', 'Photo Projectors', 0, 1, 'Admin', '2014-01-17 02:01:02', '', '0000-00-00 00:00:00'),
(43, 'Binoculars, Telescopes & Optics', 83, 84, 34, '', 'Binoculars, Telescopes & Optics', 0, 1, 'Admin', '2014-01-17 02:01:20', '', '0000-00-00 00:00:00'),
(44, 'Camcorders', 85, 86, 34, '', 'Camcorders', 0, 1, 'Admin', '2014-01-17 02:01:40', '', '0000-00-00 00:00:00'),
(45, 'Spy Cameras', 87, 88, 34, '', 'Spy Cameras', 0, 1, 'Admin', '2014-01-17 02:01:52', '', '0000-00-00 00:00:00'),
(46, 'Surveillance Cameras', 89, 90, 34, '', 'Surveillance Cameras', 0, 1, 'Admin', '2014-01-17 02:01:06', '', '0000-00-00 00:00:00'),
(47, 'Tripods', 91, 92, 34, '', 'Tripods', 0, 1, 'Admin', '2014-01-17 02:01:35', '', '0000-00-00 00:00:00'),
(48, 'Underwater Photography', 93, 94, 34, '', 'Underwater Photography', 0, 1, 'Admin', '2014-01-17 02:01:50', '', '0000-00-00 00:00:00'),
(49, 'Video Games', 96, 111, 26, '', 'Video Games', 0, 1, 'Admin', '2014-01-17 02:01:07', '', '0000-00-00 00:00:00'),
(50, 'Computer Games', 97, 98, 49, '', 'Computer Games', 0, 1, 'Admin', '2014-01-17 02:01:23', '', '0000-00-00 00:00:00'),
(51, 'Legacy Systems', 99, 100, 49, '', 'Legacy Systems', 0, 1, 'Admin', '2014-01-17 02:01:34', '', '0000-00-00 00:00:00'),
(52, 'Nintendos', 101, 102, 49, '', 'Nintendos', 0, 1, 'Admin', '2014-01-17 02:01:42', '', '0000-00-00 00:00:00'),
(53, 'PlayStations', 103, 104, 49, '', 'PlayStations', 0, 1, 'Admin', '2014-01-17 02:01:57', '', '0000-00-00 00:00:00'),
(54, 'Sony PSP', 105, 106, 49, '', 'Sony PSP', 0, 1, 'Admin', '2014-01-17 02:01:10', '', '0000-00-00 00:00:00'),
(55, 'Wii', 107, 108, 49, '', 'Wii', 0, 1, 'Admin', '2014-01-17 02:01:23', '', '0000-00-00 00:00:00'),
(56, 'Xbox 360', 109, 110, 49, '', 'Xbox 360', 0, 1, 'Admin', '2014-01-17 02:01:34', '', '0000-00-00 00:00:00'),
(57, 'Audio And Video Accessories', 112, 145, 26, '', 'Audio And Video Accessories', 0, 1, 'Admin', '2014-01-17 02:01:49', '', '0000-00-00 00:00:00'),
(58, 'Speakers', 113, 114, 57, '', 'Speakers', 0, 1, 'Admin', '2014-01-17 02:01:42', '', '0000-00-00 00:00:00'),
(59, 'Projectors', 115, 116, 57, '', 'Projectors', 0, 1, 'Admin', '2014-01-17 02:01:57', '', '0000-00-00 00:00:00'),
(60, 'Video Players & Recorders', 117, 118, 57, '', 'Video Players & Recorders', 0, 1, 'Admin', '2014-01-17 02:01:09', '', '0000-00-00 00:00:00'),
(61, 'Hd Dvd Players', 119, 120, 57, '', 'Hd Dvd Players', 0, 1, 'Admin', '2014-01-17 02:01:20', '', '0000-00-00 00:00:00'),
(62, 'Dvd Players & Recorders', 121, 122, 57, '', 'Dvd Players & Recorders', 0, 1, 'Admin', '2014-01-17 02:01:35', '', '0000-00-00 00:00:00'),
(63, 'Blu-Ray Players & RecordersCables', 123, 124, 57, '', 'Blu-Ray Players & RecordersCables', 0, 1, 'Admin', '2014-01-17 02:01:48', '', '0000-00-00 00:00:00'),
(64, 'Remote Controls', 125, 126, 57, '', 'Remote Controls', 0, 1, 'Admin', '2014-01-17 02:01:01', '', '0000-00-00 00:00:00'),
(65, 'Splitter', 127, 128, 57, '', 'Splitter', 0, 1, 'Admin', '2014-01-17 02:01:16', '', '0000-00-00 00:00:00'),
(66, 'Cleaning', 129, 130, 57, '', 'Cleaning', 0, 1, 'Admin', '2014-01-17 02:01:34', '', '0000-00-00 00:00:00'),
(67, 'Mp3 Player Accessories', 131, 132, 57, '', 'Mp3 Player Accessories', 0, 1, 'Admin', '2014-01-17 02:01:46', '', '0000-00-00 00:00:00'),
(68, 'Mp3 Players', 133, 134, 57, '', 'Mp3 Players', 0, 1, 'Admin', '2014-01-17 02:01:59', '', '0000-00-00 00:00:00'),
(69, 'Voice Recorders', 135, 136, 57, '', 'Voice Recorders', 0, 1, 'Admin', '2014-01-17 02:01:15', '', '0000-00-00 00:00:00'),
(70, 'Dvd Players', 137, 138, 57, '', 'Dvd Players', 0, 1, 'Admin', '2014-01-17 02:01:28', '', '0000-00-00 00:00:00'),
(71, 'Radios & World Radios', 139, 140, 57, '', 'Radios & World Radios', 0, 1, 'Admin', '2014-01-17 02:01:38', '', '0000-00-00 00:00:00'),
(72, 'Car Entertainment', 141, 142, 57, '', 'Car Entertainment', 0, 1, 'Admin', '2014-01-17 02:01:52', '', '0000-00-00 00:00:00'),
(73, 'Boomboxes', 143, 144, 57, '', 'Boomboxes', 0, 1, 'Admin', '2014-01-17 02:01:03', '', '0000-00-00 00:00:00'),
(74, 'Clothing', 147, 248, 0, '', 'Clothing', 0, 1, 'Admin', '2014-01-17 02:01:20', '', '0000-00-00 00:00:00'),
(75, 'Women', 148, 175, 74, '', 'Women', 0, 1, 'Admin', '2014-01-17 02:01:33', '', '0000-00-00 00:00:00'),
(76, 'Intimates', 149, 150, 75, '', 'Intimates', 0, 1, 'Admin', '2014-01-17 02:01:47', '', '0000-00-00 00:00:00'),
(77, 'Pants & Capris', 151, 152, 75, '', 'Pants & Capris', 0, 1, 'Admin', '2014-01-17 02:01:01', '', '0000-00-00 00:00:00'),
(78, 'Blouses & Button Down Shirts', 153, 154, 75, '', 'Blouses & Button Down Shirts', 0, 1, 'Admin', '2014-01-17 02:01:13', '', '0000-00-00 00:00:00'),
(79, 'Sarees', 155, 156, 75, '', 'Sarees', 0, 1, 'Admin', '2014-01-17 02:01:27', '', '0000-00-00 00:00:00'),
(80, 'Dress Material', 157, 158, 75, '', 'Dress Material', 0, 1, 'Admin', '2014-01-17 02:01:44', '', '0000-00-00 00:00:00'),
(81, 'Salwar Suit Sets', 159, 160, 75, '', 'Salwar Suit Sets', 0, 1, 'Admin', '2014-01-17 02:01:56', '', '0000-00-00 00:00:00'),
(82, 'Shrugs', 161, 162, 75, '', 'Shrugs', 0, 1, 'Admin', '2014-01-17 02:01:07', '', '0000-00-00 00:00:00'),
(83, 'Tops & Tees', 163, 164, 75, '', 'Tops & Tees', 0, 1, 'Admin', '2014-01-17 02:01:21', '', '0000-00-00 00:00:00'),
(84, 'Shorts', 165, 166, 75, '', 'Shorts', 0, 1, 'Admin', '2014-01-17 02:01:36', '', '0000-00-00 00:00:00'),
(85, 'Dresses', 167, 168, 75, '', 'Dresses', 0, 1, 'Admin', '2014-01-17 02:01:51', '', '0000-00-00 00:00:00'),
(86, 'Kurtas & Ethnic Wear', 169, 170, 75, '', 'Kurtas & Ethnic Wear', 0, 1, 'Admin', '2014-01-17 02:01:03', '', '0000-00-00 00:00:00'),
(87, 'Swim', 171, 172, 75, '', 'Swim', 0, 1, 'Admin', '2014-01-17 02:01:16', '', '0000-00-00 00:00:00'),
(88, 'Sleep & Lounge', 173, 174, 75, '', 'Sleep & Lounge', 0, 1, 'Admin', '2014-01-17 02:01:28', '', '0000-00-00 00:00:00'),
(89, 'Men', 176, 203, 74, '', 'Men', 0, 1, 'Admin', '2014-01-17 02:01:43', '', '0000-00-00 00:00:00'),
(90, 'Tops & Tees', 177, 178, 89, '', 'Tops & Tees', 0, 1, 'Admin', '2014-01-17 02:01:05', '', '0000-00-00 00:00:00'),
(91, 'Shorts', 179, 180, 89, '', 'Shorts', 0, 1, 'Admin', '2014-01-17 03:01:01', '', '0000-00-00 00:00:00'),
(92, 'Sleep Lounge & Nightwear', 181, 182, 89, '', 'Sleep, Lounge & Nightwear', 0, 1, 'Admin', '2014-01-17 03:01:23', '', '0000-00-00 00:00:00'),
(93, 'Shirts', 183, 184, 89, '', 'Shirts', 0, 1, 'Admin', '2014-01-17 03:01:40', '', '0000-00-00 00:00:00'),
(94, 'Suits & Sports Coats', 185, 186, 89, '', 'Suits & Sports Coats', 0, 1, 'Admin', '2014-01-17 03:01:59', '', '0000-00-00 00:00:00'),
(95, 'Ethnic Wear', 187, 188, 89, '', 'Ethnic Wear', 0, 1, 'Admin', '2014-01-17 03:01:13', '', '0000-00-00 00:00:00'),
(96, 'Accessories', 189, 190, 89, '', 'Accessories', 0, 1, 'Admin', '2014-01-17 03:01:26', '', '0000-00-00 00:00:00'),
(97, 'Active', 191, 192, 89, '', 'Active', 0, 1, 'Admin', '2014-01-17 03:01:40', '', '0000-00-00 00:00:00'),
(98, 'Sweaters', 193, 194, 89, '', 'Sweaters', 0, 1, 'Admin', '2014-01-17 03:01:53', '', '0000-00-00 00:00:00'),
(99, 'Pants', 195, 196, 89, '', 'Pants', 0, 1, 'Admin', '2014-01-17 03:01:05', '', '0000-00-00 00:00:00'),
(100, 'Underwear', 197, 198, 89, '', 'Underwear', 0, 1, 'Admin', '2014-01-17 03:01:17', '', '0000-00-00 00:00:00'),
(101, 'Jeans', 199, 200, 89, '', 'Jeans', 0, 1, 'Admin', '2014-01-17 03:01:31', '', '0000-00-00 00:00:00'),
(102, 'Sports & Active Wear', 201, 202, 89, '', 'Sports & Active Wear', 0, 1, 'Admin', '2014-01-17 03:01:45', '', '0000-00-00 00:00:00'),
(103, 'Girls', 204, 225, 74, '', 'Girls', 0, 1, 'Admin', '2014-01-17 03:01:59', '', '0000-00-00 00:00:00'),
(104, 'Accessories', 205, 206, 103, '', 'Accessories', 0, 1, 'Admin', '2014-01-17 03:01:54', '', '0000-00-00 00:00:00'),
(105, 'Dresses', 207, 208, 103, '', 'Dresses', 0, 1, 'Admin', '2014-01-17 03:01:07', '', '0000-00-00 00:00:00'),
(106, 'Pants', 209, 210, 103, '', 'Pants', 0, 1, 'Admin', '2014-01-17 03:01:19', '', '0000-00-00 00:00:00'),
(107, 'Tops & Tees', 211, 212, 103, '', 'Tops & Tees', 0, 1, 'Admin', '2014-01-17 03:01:19', '', '0000-00-00 00:00:00'),
(108, 'Socks Tights & Leggings', 213, 214, 103, '', 'Socks, Tights & Leggings', 0, 1, 'Admin', '2014-01-17 03:01:33', '', '0000-00-00 00:00:00'),
(109, 'Underwear', 215, 216, 103, '', 'Underwear', 0, 1, 'Admin', '2014-01-17 03:01:50', '', '0000-00-00 00:00:00'),
(110, 'Fashion Clothing', 217, 218, 103, '', 'Fashion Clothing', 0, 1, 'Admin', '2014-01-17 03:01:10', '', '0000-00-00 00:00:00'),
(111, 'Sleepwear & Robes', 219, 220, 103, '', 'Sleepwear & Robes', 0, 1, 'Admin', '2014-01-17 03:01:24', '', '0000-00-00 00:00:00'),
(112, 'Frocks Skirts & Shorts', 221, 222, 103, '', 'Frocks, Skirts & Shorts', 0, 1, 'Admin', '2014-01-17 03:01:36', '', '0000-00-00 00:00:00'),
(113, 'Jeans', 223, 224, 103, '', 'Jeans', 0, 1, 'Admin', '2014-01-17 03:01:57', '', '0000-00-00 00:00:00'),
(114, 'Boys', 226, 247, 74, '', 'Boys', 0, 1, 'Admin', '2014-01-17 03:01:13', '', '0000-00-00 00:00:00'),
(115, 'Tops & Tees', 227, 228, 114, '', 'Tops & Tees', 0, 1, 'Admin', '2014-01-17 03:01:28', '', '0000-00-00 00:00:00'),
(116, 'Briefs Boxers Underwear', 229, 230, 114, '', 'Briefs, Boxers Underwear', 0, 1, 'Admin', '2014-01-17 03:01:44', '', '0000-00-00 00:00:00'),
(117, 'Pants', 231, 232, 114, '', 'Pants', 0, 1, 'Admin', '2014-01-17 03:01:58', '', '0000-00-00 00:00:00'),
(118, 'Sleepwear & Robes', 233, 234, 114, '', 'Sleepwear & Robes', 0, 1, 'Admin', '2014-01-17 03:01:10', '', '0000-00-00 00:00:00'),
(119, 'Button-down & Dress Shirts', 235, 236, 114, '', 'Button-down & Dress Shirts', 0, 1, 'Admin', '2014-01-17 03:01:41', '', '0000-00-00 00:00:00'),
(120, 'Accessories', 237, 238, 114, '', 'Accessories', 0, 1, 'Admin', '2014-01-17 03:01:18', '', '0000-00-00 00:00:00'),
(121, 'Fashion Clothing Sets', 239, 240, 114, '', 'Fashion Clothing Sets', 0, 1, 'Admin', '2014-01-17 03:01:35', '', '0000-00-00 00:00:00'),
(122, 'Shorts', 241, 242, 114, '', 'Shorts', 0, 1, 'Admin', '2014-01-17 03:01:56', '', '0000-00-00 00:00:00'),
(123, 'Socks', 243, 244, 114, '', 'Socks', 0, 1, 'Admin', '2014-01-17 03:01:09', '', '0000-00-00 00:00:00'),
(124, 'Jeans', 245, 246, 114, '', 'Jeans', 0, 1, 'Admin', '2014-01-17 03:01:25', '', '0000-00-00 00:00:00'),
(125, 'Shoes Jewellery & Watches', 249, 378, 0, '', 'Shoes, Jewellery & Watches', 0, 1, 'Admin', '2014-01-19 01:01:18', '', '0000-00-00 00:00:00'),
(126, 'Mens Shoes', 250, 275, 125, '', 'Men''s Shoes', 0, 1, 'Admin', '2014-01-19 01:01:31', 'Admin', '2014-01-22 12:01:07'),
(127, 'Athletic & Outdoor Shoes', 251, 252, 126, '', 'Athletic & Outdoor Shoes', 0, 1, 'Admin', '2014-01-19 01:01:23', '', '0000-00-00 00:00:00'),
(128, 'Boat Shoes', 253, 254, 126, '', 'Boat Shoes', 0, 1, 'Admin', '2014-01-19 01:01:40', '', '0000-00-00 00:00:00'),
(129, 'Boots', 255, 256, 126, '', 'Boots', 0, 1, 'Admin', '2014-01-19 01:01:58', '', '0000-00-00 00:00:00'),
(130, 'Clogs & Mules', 257, 258, 126, '', 'Clogs & Mules', 0, 1, 'Admin', '2014-01-19 01:01:39', '', '0000-00-00 00:00:00'),
(131, 'Fashion Sandals', 259, 260, 126, '', 'Fashion Sandals', 0, 1, 'Admin', '2014-01-19 01:01:49', '', '0000-00-00 00:00:00'),
(132, 'Jodhpurs', 261, 262, 126, '', 'Jodhpurs', 0, 1, 'Admin', '2014-01-19 01:01:04', '', '0000-00-00 00:00:00'),
(133, 'Lace-Up Flats', 263, 264, 126, '', 'Lace-Up Flats', 0, 1, 'Admin', '2014-01-19 01:01:22', '', '0000-00-00 00:00:00'),
(134, 'Loafer Flats', 265, 266, 126, '', 'Loafer Flats', 0, 1, 'Admin', '2014-01-19 01:01:31', '', '0000-00-00 00:00:00'),
(135, 'Rain Boots', 267, 268, 126, '', 'Rain Boots', 0, 1, 'Admin', '2014-01-19 01:01:49', '', '0000-00-00 00:00:00'),
(136, 'Slippers', 269, 270, 126, '', 'Slippers', 0, 1, 'Admin', '2014-01-19 01:01:17', '', '0000-00-00 00:00:00'),
(137, 'Sneakers', 271, 272, 126, '', 'Sneakers', 0, 1, 'Admin', '2014-01-19 01:01:31', '', '0000-00-00 00:00:00'),
(138, 'Thong Sandals', 273, 274, 126, '', 'Thong Sandals', 0, 1, 'Admin', '2014-01-19 01:01:47', '', '0000-00-00 00:00:00'),
(139, 'Womens Shoes', 276, 305, 125, '', 'Women''s Shoes', 0, 1, 'Admin', '2014-01-19 01:01:16', 'Admin', '2014-01-22 12:01:20'),
(140, 'Athletic & Outdoor Shoes', 277, 278, 139, '', 'Athletic & Outdoor Shoes', 0, 1, 'Admin', '2014-01-19 01:01:39', '', '0000-00-00 00:00:00'),
(141, 'Ballet Flats', 279, 280, 139, '', 'Ballet Flats', 0, 1, 'Admin', '2014-01-19 01:01:50', '', '0000-00-00 00:00:00'),
(142, 'Boots', 281, 282, 139, '', 'Boots', 0, 1, 'Admin', '2014-01-19 01:01:08', '', '0000-00-00 00:00:00'),
(143, 'Clogs & Mules', 283, 284, 139, '', 'Clogs & Mules', 0, 1, 'Admin', '2014-01-19 01:01:25', '', '0000-00-00 00:00:00'),
(144, 'Fashion Sandals', 285, 286, 139, '', 'Fashion Sandals', 0, 1, 'Admin', '2014-01-19 01:01:35', '', '0000-00-00 00:00:00'),
(145, 'Jodhpurs', 287, 288, 139, '', 'Jodhpurs', 0, 1, 'Admin', '2014-01-19 01:01:51', '', '0000-00-00 00:00:00'),
(146, 'Lace-Up Flats', 289, 290, 139, '', 'Lace-Up Flats', 0, 1, 'Admin', '2014-01-19 01:01:01', '', '0000-00-00 00:00:00'),
(147, 'Loafer Flats', 291, 292, 139, '', 'Loafer Flats', 0, 1, 'Admin', '2014-01-19 01:01:18', '', '0000-00-00 00:00:00'),
(148, 'Mary Jane Flats', 293, 294, 139, '', 'Mary Jane Flats', 0, 1, 'Admin', '2014-01-19 01:01:30', '', '0000-00-00 00:00:00'),
(149, 'Pumps', 295, 296, 139, '', 'Pumps', 0, 1, 'Admin', '2014-01-19 01:01:43', '', '0000-00-00 00:00:00'),
(150, 'Rain Footwear', 297, 298, 139, '', 'Rain Footwear', 0, 1, 'Admin', '2014-01-19 01:01:56', '', '0000-00-00 00:00:00'),
(151, 'Slippers', 299, 300, 139, '', 'Slippers', 0, 1, 'Admin', '2014-01-19 01:01:09', '', '0000-00-00 00:00:00'),
(152, 'Sneakers', 301, 302, 139, '', 'Sneakers', 0, 1, 'Admin', '2014-01-19 01:01:20', '', '0000-00-00 00:00:00'),
(153, 'Thong Sandals', 303, 304, 139, '', 'Thong Sandals', 0, 1, 'Admin', '2014-01-19 01:01:40', '', '0000-00-00 00:00:00'),
(154, 'Jewellery', 306, 337, 125, '', 'Jewellery', 0, 1, 'Admin', '2014-01-19 01:01:55', '', '0000-00-00 00:00:00'),
(155, 'Coins', 307, 308, 154, '', 'Coins', 0, 1, 'Admin', '2014-01-19 01:01:40', '', '0000-00-00 00:00:00'),
(156, 'Necklaces', 309, 310, 154, '', 'Necklaces', 0, 1, 'Admin', '2014-01-19 01:01:54', '', '0000-00-00 00:00:00'),
(157, 'Earrings', 311, 312, 154, '', 'Earrings', 0, 1, 'Admin', '2014-01-19 02:01:07', '', '0000-00-00 00:00:00'),
(158, 'Pendants', 313, 314, 154, '', 'Pendants', 0, 1, 'Admin', '2014-01-19 02:01:21', '', '0000-00-00 00:00:00'),
(159, 'Rings', 315, 316, 154, '', 'Rings', 0, 1, 'Admin', '2014-01-19 02:01:30', '', '0000-00-00 00:00:00'),
(160, 'Childrens Jewellery', 317, 318, 154, '', 'Childrens Jewellery', 0, 1, 'Admin', '2014-01-19 02:01:45', '', '0000-00-00 00:00:00'),
(161, 'Bangles Bracelets And Armlets', 319, 320, 154, '', 'Bangles Bracelets And Armlets', 0, 1, 'Admin', '2014-01-19 02:01:59', '', '0000-00-00 00:00:00'),
(162, 'Jewellery Sets', 321, 322, 154, '', 'Jewellery Sets', 0, 1, 'Admin', '2014-01-19 02:01:23', '', '0000-00-00 00:00:00'),
(163, 'Loose Gemstones', 323, 324, 154, '', 'Loose Gemstones', 0, 1, 'Admin', '2014-01-19 02:01:34', 'Admin', '2014-01-19 02:01:44'),
(164, 'Body Jewellery', 325, 326, 154, '', 'Body Jewellery', 0, 1, 'Admin', '2014-01-19 02:01:55', '', '0000-00-00 00:00:00'),
(165, 'Wedding And Engagement Rings', 327, 328, 154, '', 'Wedding And Engagement Rings', 0, 1, 'Admin', '2014-01-19 02:01:10', '', '0000-00-00 00:00:00'),
(166, 'Accessories', 329, 330, 154, '', 'Accessories', 0, 1, 'Admin', '2014-01-19 02:01:23', '', '0000-00-00 00:00:00'),
(167, 'Anklets', 331, 332, 154, '', 'Anklets', 0, 1, 'Admin', '2014-01-19 02:01:38', '', '0000-00-00 00:00:00'),
(168, 'Brooches And Pins', 333, 334, 154, '', 'Brooches And Pins', 0, 1, 'Admin', '2014-01-19 02:01:50', '', '0000-00-00 00:00:00'),
(169, 'Charms', 335, 336, 154, '', 'Charms', 0, 1, 'Admin', '2014-01-19 02:01:03', '', '0000-00-00 00:00:00'),
(170, 'Accessories', 338, 361, 125, '', 'Accessories', 0, 1, 'Admin', '2014-01-19 02:01:21', '', '0000-00-00 00:00:00'),
(171, 'Eyewear & Accessories', 339, 340, 170, '', 'Eyewear & Accessories', 0, 1, 'Admin', '2014-01-19 02:01:10', '', '0000-00-00 00:00:00'),
(172, 'Umbrellas', 341, 342, 170, '', 'Umbrellas', 0, 1, 'Admin', '2014-01-19 02:01:25', '', '0000-00-00 00:00:00'),
(173, 'Wraps & Pashmina', 343, 344, 170, '', 'Wraps & Pashmina', 0, 1, 'Admin', '2014-01-19 02:01:37', '', '0000-00-00 00:00:00'),
(174, 'Hats & Caps', 345, 346, 170, '', 'Hats & Caps', 0, 1, 'Admin', '2014-01-19 02:01:52', '', '0000-00-00 00:00:00'),
(175, 'Keyrings & Keychains', 347, 348, 170, '', 'Keyrings & Keychains', 0, 1, 'Admin', '2014-01-19 02:01:07', '', '0000-00-00 00:00:00'),
(176, 'Handbags', 349, 350, 170, '', 'Handbags', 0, 1, 'Admin', '2014-01-19 02:01:32', '', '0000-00-00 00:00:00'),
(177, 'Clutches', 351, 352, 170, '', 'Clutches', 0, 1, 'Admin', '2014-01-19 02:01:47', '', '0000-00-00 00:00:00'),
(178, 'Sunglasses', 353, 354, 170, '', 'Sunglasses', 0, 1, 'Admin', '2014-01-19 02:01:59', '', '0000-00-00 00:00:00'),
(179, 'Scarves', 355, 356, 170, '', 'Scarves', 0, 1, 'Admin', '2014-01-19 02:01:11', '', '0000-00-00 00:00:00'),
(180, 'Belts', 357, 358, 170, '', 'Belts', 0, 1, 'Admin', '2014-01-19 02:01:26', '', '0000-00-00 00:00:00'),
(181, 'Wallets', 359, 360, 170, '', 'Wallets', 0, 1, 'Admin', '2014-01-19 02:01:39', '', '0000-00-00 00:00:00'),
(182, 'Watches', 362, 377, 125, '', 'Watches', 0, 1, 'Admin', '2014-01-19 02:01:02', '', '0000-00-00 00:00:00'),
(183, 'Men', 363, 364, 182, '', 'Men', 0, 1, 'Admin', '2014-01-19 02:01:29', '', '0000-00-00 00:00:00'),
(184, 'Women', 365, 366, 182, '', 'Women', 0, 1, 'Admin', '2014-01-19 02:01:44', '', '0000-00-00 00:00:00'),
(185, 'Children', 367, 368, 182, '', 'Children', 0, 1, 'Admin', '2014-01-19 02:01:56', '', '0000-00-00 00:00:00'),
(186, 'Wrist watches', 369, 370, 182, '', 'Wrist watches', 0, 1, 'Admin', '2014-01-19 02:01:09', '', '0000-00-00 00:00:00'),
(187, 'Luxury Watches', 371, 372, 182, '', 'Luxury Watches', 0, 1, 'Admin', '2014-01-19 02:01:27', '', '0000-00-00 00:00:00'),
(188, 'Accessories', 373, 374, 182, '', 'Accessories', 0, 1, 'Admin', '2014-01-19 02:01:38', '', '0000-00-00 00:00:00'),
(189, 'Sports & Digital', 375, 376, 182, '', 'Sports & Digital', 0, 1, 'Admin', '2014-01-19 02:01:52', '', '0000-00-00 00:00:00'),
(190, 'Food & Drink', 379, 386, 0, '', 'Food & Drink', 0, 1, 'Admin', '2014-01-19 02:01:09', '', '0000-00-00 00:00:00'),
(191, 'Resteraunts', 380, 381, 190, '', 'Resteraunts', 0, 1, 'Admin', '2014-01-19 02:01:27', '', '0000-00-00 00:00:00'),
(192, 'Bars & Pubs', 382, 383, 190, '', 'Bars & Pubs', 0, 1, 'Admin', '2014-01-19 02:01:39', '', '0000-00-00 00:00:00'),
(193, 'Grocery', 384, 385, 190, '', 'Grocery', 0, 1, 'Admin', '2014-01-19 02:01:48', '', '0000-00-00 00:00:00'),
(194, 'Books Movies & Music', 387, 440, 0, '', 'Books Movies & Music', 0, 1, 'Admin', '2014-01-19 02:01:35', '', '0000-00-00 00:00:00'),
(195, 'Books', 388, 401, 194, '', 'Books', 0, 1, 'Admin', '2014-01-19 02:01:07', '', '0000-00-00 00:00:00'),
(196, 'Literature & Fiction', 389, 390, 195, '', 'Literature & Fiction', 0, 1, 'Admin', '2014-01-19 02:01:19', '', '0000-00-00 00:00:00'),
(197, 'Entrance Exams', 391, 392, 195, '', 'Entrance Exams', 0, 1, 'Admin', '2014-01-19 02:01:30', '', '0000-00-00 00:00:00'),
(198, 'Childrens & Young Adult', 393, 394, 195, '', 'Childrens & Young Adult', 0, 1, 'Admin', '2014-01-19 02:01:41', '', '0000-00-00 00:00:00'),
(199, 'Business & Management', 395, 396, 195, '', 'Business & Management', 0, 1, 'Admin', '2014-01-19 02:01:56', '', '0000-00-00 00:00:00'),
(200, 'Comics & Mangas', 397, 398, 195, '', 'Comics & Mangas', 0, 1, 'Admin', '2014-01-19 02:01:08', '', '0000-00-00 00:00:00'),
(201, 'Indian Languages', 399, 400, 195, '', 'Indian Languages', 0, 1, 'Admin', '2014-01-19 02:01:16', '', '0000-00-00 00:00:00'),
(202, 'Movies & TV', 402, 417, 194, '', 'Movies & TV', 0, 1, 'Admin', '2014-01-20 02:01:56', '', '0000-00-00 00:00:00'),
(203, 'Movies & TV', 403, 404, 202, '', 'Movies & TV', 0, 1, 'Admin', '2014-01-20 02:01:23', '', '0000-00-00 00:00:00'),
(204, 'Movies', 405, 406, 202, '', 'Movies', 0, 1, 'Admin', '2014-01-20 02:01:38', '', '0000-00-00 00:00:00'),
(205, 'TV Serials', 407, 408, 202, '', 'TV Serials', 0, 1, 'Admin', '2014-01-20 02:01:52', '', '0000-00-00 00:00:00'),
(206, 'New Arrivals', 409, 410, 202, '', 'New Arrivals', 0, 1, 'Admin', '2014-01-20 02:01:04', '', '0000-00-00 00:00:00'),
(207, 'Blu-ray', 411, 412, 202, '', 'Blu-ray', 0, 1, 'Admin', '2014-01-20 02:01:18', '', '0000-00-00 00:00:00'),
(208, 'Bollywood Movies', 413, 414, 202, '', 'Bollywood Movies', 0, 1, 'Admin', '2014-01-20 02:01:31', '', '0000-00-00 00:00:00'),
(209, 'Latest Theatre Releases', 415, 416, 202, '', 'Latest Theatre Releases', 0, 1, 'Admin', '2014-01-20 02:01:44', '', '0000-00-00 00:00:00'),
(210, 'Music', 418, 439, 194, '', 'Music', 0, 1, 'Admin', '2014-01-20 02:01:16', '', '0000-00-00 00:00:00'),
(211, 'Bhajans & Devotional', 419, 420, 210, '', 'Bhajans & Devotional', 0, 1, 'Admin', '2014-01-20 02:01:40', '', '0000-00-00 00:00:00'),
(212, 'Indian Film Music', 421, 422, 210, '', 'Indian Film Music', 0, 1, 'Admin', '2014-01-20 02:01:51', '', '0000-00-00 00:00:00'),
(213, 'Ghazals', 423, 424, 210, '', 'Ghazals', 0, 1, 'Admin', '2014-01-20 02:01:06', '', '0000-00-00 00:00:00'),
(214, 'Healing & Meditation', 425, 426, 210, '', 'Healing & Meditation', 0, 1, 'Admin', '2014-01-20 02:01:17', '', '0000-00-00 00:00:00'),
(215, 'International Rock', 427, 428, 210, '', 'International Rock', 0, 1, 'Admin', '2014-01-20 02:01:29', '', '0000-00-00 00:00:00'),
(216, 'International Pop', 429, 430, 210, '', 'International Pop', 0, 1, 'Admin', '2014-01-20 02:01:44', '', '0000-00-00 00:00:00'),
(217, 'Indian Classical', 431, 432, 210, '', 'Indian Classical', 0, 1, 'Admin', '2014-01-20 02:01:56', '', '0000-00-00 00:00:00'),
(218, 'World Music', 433, 434, 210, '', 'World Music', 0, 1, 'Admin', '2014-01-20 02:01:14', '', '0000-00-00 00:00:00'),
(219, 'Indipop', 435, 436, 210, '', 'Indipop', 0, 1, 'Admin', '2014-01-20 02:01:25', '', '0000-00-00 00:00:00'),
(220, 'Western Classical', 437, 438, 210, '', 'Western Classical', 0, 1, 'Admin', '2014-01-20 02:01:38', '', '0000-00-00 00:00:00'),
(221, 'Kitchen & Home', 441, 580, 0, '', 'Kitchen & Home', 0, 1, 'Admin', '2014-01-20 02:01:51', '', '0000-00-00 00:00:00'),
(222, 'Furniture', 442, 463, 221, '', 'Furniture', 0, 1, 'Admin', '2014-01-20 02:01:10', '', '0000-00-00 00:00:00'),
(223, 'Bedroom Furniture', 443, 444, 222, '', 'Bedroom Furniture', 0, 1, 'Admin', '2014-01-20 02:01:25', '', '0000-00-00 00:00:00'),
(224, 'Living Room Furniture', 445, 446, 222, '', 'Living Room Furniture', 0, 1, 'Admin', '2014-01-20 02:01:37', '', '0000-00-00 00:00:00'),
(225, 'Dining Room Furniture', 447, 448, 222, '', 'Dining Room Furniture', 0, 1, 'Admin', '2014-01-20 02:01:51', 'Admin', '2014-01-20 02:01:01'),
(226, 'Home Office Furniture', 449, 450, 222, '', 'Home Office Furniture', 0, 1, 'Admin', '2014-01-20 02:01:08', '', '0000-00-00 00:00:00'),
(227, 'Kids Room Furniture', 451, 452, 222, '', 'Kids Room Furniture', 0, 1, 'Admin', '2014-01-20 02:01:20', '', '0000-00-00 00:00:00'),
(228, 'Bathroom', 453, 454, 222, '', 'Bathroom', 0, 1, 'Admin', '2014-01-20 02:01:35', '', '0000-00-00 00:00:00'),
(229, 'Garden & Patio', 455, 456, 222, '', 'Garden & Patio', 0, 1, 'Admin', '2014-01-20 02:01:47', '', '0000-00-00 00:00:00'),
(230, 'Hallway Furniture', 457, 458, 222, '', 'Hallway Furniture', 0, 1, 'Admin', '2014-01-20 02:01:58', '', '0000-00-00 00:00:00'),
(231, 'Home Bar Furniture', 459, 460, 222, '', 'Home Bar Furniture', 0, 1, 'Admin', '2014-01-20 02:01:12', '', '0000-00-00 00:00:00'),
(232, 'Home Entertainment Furniture', 461, 462, 222, '', 'Home Entertainment Furniture', 0, 1, 'Admin', '2014-01-20 02:01:30', '', '0000-00-00 00:00:00'),
(233, 'Home Appliances', 464, 475, 221, '', 'Home Appliances', 0, 1, 'Admin', '2014-01-20 02:01:47', '', '0000-00-00 00:00:00'),
(234, 'Air Conditioners', 465, 466, 233, '', 'Air Conditioners', 0, 1, 'Admin', '2014-01-20 02:01:58', '', '0000-00-00 00:00:00'),
(235, 'Irons', 467, 468, 233, '', 'Irons', 0, 1, 'Admin', '2014-01-20 02:01:12', '', '0000-00-00 00:00:00'),
(236, 'Vacuum Cleaners', 469, 470, 233, '', 'Vacuum Cleaners', 0, 1, 'Admin', '2014-01-20 02:01:26', '', '0000-00-00 00:00:00'),
(237, 'Washing Machines', 471, 472, 233, '', 'Washing Machines', 0, 1, 'Admin', '2014-01-20 02:01:37', '', '0000-00-00 00:00:00'),
(238, 'Water Purifiers', 473, 474, 233, '', 'Water Purifiers', 0, 1, 'Admin', '2014-01-20 02:01:48', '', '0000-00-00 00:00:00'),
(239, 'Kitchen Appliances', 476, 505, 221, '', 'Kitchen Appliances', 0, 1, 'Admin', '2014-01-20 02:01:05', '', '0000-00-00 00:00:00'),
(240, 'Cooktops', 477, 478, 239, '', 'Cooktops', 0, 1, 'Admin', '2014-01-20 02:01:35', '', '0000-00-00 00:00:00'),
(241, 'Food Processors', 479, 480, 239, '', 'Food Processors', 0, 1, 'Admin', '2014-01-20 02:01:47', '', '0000-00-00 00:00:00'),
(242, 'Hand Blenders', 481, 482, 239, '', 'Hand Blenders', 0, 1, 'Admin', '2014-01-20 02:01:04', '', '0000-00-00 00:00:00'),
(243, 'Juicers', 483, 484, 239, '', 'Juicers', 0, 1, 'Admin', '2014-01-20 02:01:20', '', '0000-00-00 00:00:00'),
(244, 'Microwave Ovens', 485, 486, 239, '', 'Microwave Ovens', 0, 1, 'Admin', '2014-01-20 02:01:30', '', '0000-00-00 00:00:00'),
(245, 'Refrigerators', 487, 488, 239, '', 'Refrigerators', 0, 1, 'Admin', '2014-01-20 02:01:41', '', '0000-00-00 00:00:00'),
(246, 'Stand Mixers', 489, 490, 239, '', 'Stand Mixers', 0, 1, 'Admin', '2014-01-20 02:01:53', '', '0000-00-00 00:00:00'),
(247, 'Stoves', 491, 492, 239, '', 'Stoves', 0, 1, 'Admin', '2014-01-20 02:01:03', '', '0000-00-00 00:00:00'),
(248, 'Water Purifiers', 493, 494, 239, '', 'Water Purifiers', 0, 1, 'Admin', '2014-01-20 02:01:11', '', '0000-00-00 00:00:00'),
(249, 'Juicers & Blenders', 495, 496, 239, '', 'Juicers & Blenders', 0, 1, 'Admin', '2014-01-20 02:01:25', '', '0000-00-00 00:00:00'),
(250, 'Digital Kitchen Scales', 497, 498, 239, '', 'Digital Kitchen Scales', 0, 1, 'Admin', '2014-01-20 02:01:39', '', '0000-00-00 00:00:00'),
(251, 'Coffee Tea & Expresso', 499, 500, 239, '', 'Coffee Tea & Expresso', 0, 1, 'Admin', '2014-01-20 02:01:51', '', '0000-00-00 00:00:00'),
(252, 'Sandwhich & Toaster', 501, 502, 239, '', 'Sandwhich & Toaster', 0, 1, 'Admin', '2014-01-20 02:01:10', '', '0000-00-00 00:00:00'),
(253, 'Choppers', 503, 504, 239, '', 'Choppers', 0, 1, 'Admin', '2014-01-20 02:01:21', '', '0000-00-00 00:00:00'),
(254, 'Home Décor & Linen', 506, 537, 221, '', 'Home Décor & Linen', 0, 1, 'Admin', '2014-01-20 02:01:34', '', '0000-00-00 00:00:00'),
(255, 'Art Prints', 507, 508, 254, '', 'Art Prints', 0, 1, 'Admin', '2014-01-20 02:01:48', '', '0000-00-00 00:00:00'),
(256, 'Bathroom Fittings', 509, 510, 254, '', 'Bathroom Fittings', 0, 1, 'Admin', '2014-01-20 02:01:07', '', '0000-00-00 00:00:00'),
(257, 'Bed Linen', 511, 512, 254, '', 'Bed Linen', 0, 1, 'Admin', '2014-01-20 02:01:18', '', '0000-00-00 00:00:00'),
(258, 'Curtains', 513, 514, 254, '', 'Curtains', 0, 1, 'Admin', '2014-01-20 02:01:29', '', '0000-00-00 00:00:00'),
(259, 'Cushions & Bolsters', 515, 516, 254, '', 'Cushions & Bolsters', 0, 1, 'Admin', '2014-01-20 02:01:41', '', '0000-00-00 00:00:00'),
(260, 'Indoor Lighting', 517, 518, 254, '', 'Indoor Lighting', 0, 1, 'Admin', '2014-01-20 02:01:54', '', '0000-00-00 00:00:00'),
(261, 'Wall Clocks', 519, 520, 254, '', 'Wall Clocks', 0, 1, 'Admin', '2014-01-20 02:01:06', '', '0000-00-00 00:00:00'),
(262, 'Vases', 521, 522, 254, '', 'Vases', 0, 1, 'Admin', '2014-01-20 02:01:24', '', '0000-00-00 00:00:00'),
(263, 'Candles', 523, 524, 254, '', 'Candles', 0, 1, 'Admin', '2014-01-20 02:01:39', '', '0000-00-00 00:00:00'),
(264, 'Door Signs', 525, 526, 254, '', 'Door Signs', 0, 1, 'Admin', '2014-01-20 02:01:51', '', '0000-00-00 00:00:00'),
(265, 'Clocks', 527, 528, 254, '', 'Clocks', 0, 1, 'Admin', '2014-01-20 02:01:03', '', '0000-00-00 00:00:00'),
(266, 'Decorative Stickers', 529, 530, 254, '', 'Decorative Stickers', 0, 1, 'Admin', '2014-01-20 02:01:14', '', '0000-00-00 00:00:00'),
(267, 'Photo Frames', 531, 532, 254, '', 'Photo Frames', 0, 1, 'Admin', '2014-01-20 02:01:26', '', '0000-00-00 00:00:00'),
(268, 'Textiles', 533, 534, 254, '', 'Textiles', 0, 1, 'Admin', '2014-01-20 02:01:42', '', '0000-00-00 00:00:00'),
(269, 'Relegious', 535, 536, 254, '', 'Relegious', 0, 1, 'Admin', '2014-01-20 02:01:54', '', '0000-00-00 00:00:00'),
(270, 'Kitchen Storage', 538, 559, 221, '', 'Kitchen Storage', 0, 1, 'Admin', '2014-01-20 02:01:09', '', '0000-00-00 00:00:00'),
(271, 'Produce Storage Bags', 539, 540, 270, '', 'Produce Storage Bags', 0, 1, 'Admin', '2014-01-20 02:01:25', '', '0000-00-00 00:00:00'),
(272, 'Canisters', 541, 542, 270, '', 'Canisters', 0, 1, 'Admin', '2014-01-20 02:01:36', '', '0000-00-00 00:00:00'),
(273, 'Garbage Bins', 543, 544, 270, '', 'Garbage Bins', 0, 1, 'Admin', '2014-01-20 02:01:55', '', '0000-00-00 00:00:00'),
(274, 'Thermos Bottles & Jugs', 545, 546, 270, '', 'Thermos Bottles & Jugs', 0, 1, 'Admin', '2014-01-20 02:01:06', '', '0000-00-00 00:00:00'),
(275, 'Racks & Holders', 547, 548, 270, '', 'Racks & Holders', 0, 1, 'Admin', '2014-01-20 02:01:23', '', '0000-00-00 00:00:00'),
(276, 'Drizzlers & Dressing Shakers', 549, 550, 270, '', 'Drizzlers & Dressing Shakers', 0, 1, 'Admin', '2014-01-20 02:01:36', '', '0000-00-00 00:00:00'),
(277, 'Lunch Boxes', 551, 552, 270, '', 'Lunch Boxes', 0, 1, 'Admin', '2014-01-20 02:01:52', '', '0000-00-00 00:00:00'),
(278, 'Cake Carriers', 553, 554, 270, '', 'Cake Carriers', 0, 1, 'Admin', '2014-01-20 02:01:05', '', '0000-00-00 00:00:00'),
(279, 'Salt & Pepper Shakers', 555, 556, 270, '', 'Salt & Pepper Shakers', 0, 1, 'Admin', '2014-01-20 02:01:18', '', '0000-00-00 00:00:00'),
(280, 'Cake Boxes', 557, 558, 270, '', 'Cake Boxes', 0, 1, 'Admin', '2014-01-20 02:01:30', '', '0000-00-00 00:00:00'),
(281, 'Cooking & Dining', 560, 579, 221, '', 'Cooking & Dining', 0, 1, 'Admin', '2014-01-20 02:01:42', '', '0000-00-00 00:00:00'),
(282, 'Cooking & Dining', 561, 562, 281, '', 'Cooking & Dining', 0, 1, 'Admin', '2014-01-20 02:01:00', '', '0000-00-00 00:00:00'),
(283, 'Coffee-Tea Makers', 563, 564, 281, '', 'Coffee-Tea Makers', 0, 1, 'Admin', '2014-01-20 02:01:15', '', '0000-00-00 00:00:00'),
(284, 'Cookware & Bakeware', 565, 566, 281, '', 'Cookware & Bakeware', 0, 1, 'Admin', '2014-01-20 02:01:27', '', '0000-00-00 00:00:00'),
(285, 'Kitchen Containers', 567, 568, 281, '', 'Kitchen Containers', 0, 1, 'Admin', '2014-01-20 02:01:42', '', '0000-00-00 00:00:00'),
(286, 'Cutlery', 569, 570, 281, '', 'Cutlery', 0, 1, 'Admin', '2014-01-20 02:01:03', '', '0000-00-00 00:00:00'),
(287, 'Glassware', 571, 572, 281, '', 'Glassware', 0, 1, 'Admin', '2014-01-20 02:01:21', '', '0000-00-00 00:00:00'),
(288, 'Kitchen Utensils', 573, 574, 281, '', 'Kitchen Utensils', 0, 1, 'Admin', '2014-01-20 02:01:31', '', '0000-00-00 00:00:00'),
(289, 'Tableware', 575, 576, 281, '', 'Tableware', 0, 1, 'Admin', '2014-01-20 02:01:48', '', '0000-00-00 00:00:00'),
(290, 'Dishware & Serving Pieces', 577, 578, 281, '', 'Dishware & Serving Pieces', 0, 1, 'Admin', '2014-01-20 02:01:01', '', '0000-00-00 00:00:00'),
(291, 'Babies Toys & Sports', 581, 662, 0, '', 'Babies Toys & Sports', 0, 1, 'Admin', '2014-01-20 02:01:37', '', '0000-00-00 00:00:00'),
(292, 'Baby Products', 582, 607, 291, '', 'Baby Products', 0, 1, 'Admin', '2014-01-20 02:01:58', '', '0000-00-00 00:00:00'),
(293, 'Baby Guides', 583, 584, 292, '', 'Baby Guides', 0, 1, 'Admin', '2014-01-20 02:01:15', '', '0000-00-00 00:00:00'),
(294, 'Diapering', 585, 586, 292, '', 'Diapering', 0, 1, 'Admin', '2014-01-20 02:01:28', '', '0000-00-00 00:00:00'),
(295, 'Baby Care', 587, 588, 292, '', 'Baby Care', 0, 1, 'Admin', '2014-01-20 02:01:37', '', '0000-00-00 00:00:00'),
(296, 'Nursing & Feeding', 589, 590, 292, '', 'Nursing & Feeding', 0, 1, 'Admin', '2014-01-20 02:01:51', '', '0000-00-00 00:00:00'),
(297, 'Bathing', 591, 592, 292, '', 'Bathing', 0, 1, 'Admin', '2014-01-20 02:01:04', '', '0000-00-00 00:00:00'),
(298, 'Walkers', 593, 594, 292, '', 'Walkers', 0, 1, 'Admin', '2014-01-20 02:01:15', '', '0000-00-00 00:00:00'),
(299, 'Clothing', 595, 596, 292, '', 'Clothing', 0, 1, 'Admin', '2014-01-20 02:01:26', '', '0000-00-00 00:00:00'),
(300, 'Furniture', 597, 598, 292, '', 'Furniture', 0, 1, 'Admin', '2014-01-20 02:01:36', '', '0000-00-00 00:00:00'),
(301, 'Strollers', 599, 600, 292, '', 'Strollers', 0, 1, 'Admin', '2014-01-20 02:01:52', '', '0000-00-00 00:00:00'),
(302, 'Bedding', 601, 602, 292, '', 'Bedding', 0, 1, 'Admin', '2014-01-20 02:01:04', '', '0000-00-00 00:00:00'),
(303, 'Maternity Wear', 603, 604, 292, '', 'Maternity Wear', 0, 1, 'Admin', '2014-01-20 02:01:17', '', '0000-00-00 00:00:00'),
(304, 'Nursery Decoration', 605, 606, 292, '', 'Nursery Decoration', 0, 1, 'Admin', '2014-01-20 02:01:31', '', '0000-00-00 00:00:00'),
(305, 'Baby & Toddler Toys', 608, 629, 291, '', 'Baby & Toddler Toys', 0, 1, 'Admin', '2014-01-20 02:01:46', '', '0000-00-00 00:00:00'),
(306, 'Soft Toys', 609, 610, 305, '', 'Soft Toys', 0, 1, 'Admin', '2014-01-20 02:01:07', '', '0000-00-00 00:00:00'),
(307, 'Sound Toys', 611, 612, 305, '', 'Sound Toys', 0, 1, 'Admin', '2014-01-20 02:01:20', '', '0000-00-00 00:00:00'),
(308, 'Indoor Climbers & Play Structures', 613, 614, 305, '', 'Indoor Climbers & Play Structures', 0, 1, 'Admin', '2014-01-20 02:01:32', '', '0000-00-00 00:00:00'),
(309, 'Motor Activity Toys', 615, 616, 305, '', 'Motor Activity Toys', 0, 1, 'Admin', '2014-01-20 02:01:44', '', '0000-00-00 00:00:00'),
(310, 'Bath Toys', 617, 618, 305, '', 'Bath Toys', 0, 1, 'Admin', '2014-01-20 02:01:56', '', '0000-00-00 00:00:00'),
(311, 'All Baby & Toddler Toys', 619, 620, 305, '', 'All Baby & Toddler Toys', 0, 1, 'Admin', '2014-01-20 02:01:09', '', '0000-00-00 00:00:00'),
(312, 'Baby Toys', 621, 622, 305, '', 'Baby Toys', 0, 1, 'Admin', '2014-01-20 02:01:21', '', '0000-00-00 00:00:00'),
(313, 'Bricks & Blocks', 623, 624, 305, '', 'Bricks & Blocks', 0, 1, 'Admin', '2014-01-20 02:01:31', '', '0000-00-00 00:00:00'),
(314, 'Sorting & Plugging Toys', 625, 626, 305, '', 'Sorting & Plugging Toys', 0, 1, 'Admin', '2014-01-20 02:01:42', '', '0000-00-00 00:00:00'),
(315, 'Pull Along Toys', 627, 628, 305, '', 'Pull Along Toys', 0, 1, 'Admin', '2014-01-20 02:01:54', '', '0000-00-00 00:00:00'),
(316, 'Arts & Crafts', 630, 639, 291, '', 'Arts & Crafts', 0, 1, 'Admin', '2014-01-20 02:01:07', 'Admin', '2014-01-20 02:01:15'),
(317, 'Drawing & Painting Supplies', 631, 632, 316, '', 'Drawing & Painting Supplies', 0, 1, 'Admin', '2014-01-20 02:01:37', '', '0000-00-00 00:00:00'),
(318, 'Craft Kits', 633, 634, 316, '', 'Craft Kits', 0, 1, 'Admin', '2014-01-20 02:01:47', '', '0000-00-00 00:00:00'),
(319, 'Easels', 635, 636, 316, '', 'Easels', 0, 1, 'Admin', '2014-01-20 02:01:58', '', '0000-00-00 00:00:00'),
(320, 'All Arts & Crafts', 637, 638, 316, '', 'All Arts & Crafts', 0, 1, 'Admin', '2014-01-20 02:01:14', '', '0000-00-00 00:00:00'),
(321, 'Puzzles', 640, 645, 291, '', '', 0, 1, 'Admin', '2014-01-20 02:01:26', '', '0000-00-00 00:00:00'),
(322, 'Jigsaw Puzzles', 641, 642, 321, '', 'Jigsaw Puzzles', 0, 1, 'Admin', '2014-01-20 02:01:43', '', '0000-00-00 00:00:00'),
(323, 'All Puzzles', 643, 644, 321, '', 'All Puzzles', 0, 1, 'Admin', '2014-01-20 02:01:55', '', '0000-00-00 00:00:00'),
(324, 'Sport & Outdoor', 646, 661, 291, '', 'Sport & Outdoor', 0, 1, 'Admin', '2014-01-20 02:01:07', '', '0000-00-00 00:00:00'),
(325, 'Bikes Trikes & Ride-ons', 647, 648, 324, '', 'Bikes Trikes & Ride-ons', 0, 1, 'Admin', '2014-01-20 02:01:31', '', '0000-00-00 00:00:00'),
(326, 'Play Tents', 649, 650, 324, '', 'Play Tents', 0, 1, 'Admin', '2014-01-20 02:01:15', '', '0000-00-00 00:00:00'),
(327, 'Toy Sports', 651, 652, 324, '', 'Toy Sports', 0, 1, 'Admin', '2014-01-20 02:01:25', '', '0000-00-00 00:00:00'),
(328, 'Sandpits & Sand Toys', 653, 654, 324, '', 'Sandpits & Sand Toys', 0, 1, 'Admin', '2014-01-20 02:01:37', '', '0000-00-00 00:00:00'),
(329, 'Beanbags & Foot Bags', 655, 656, 324, '', 'Beanbags & Foot Bags', 0, 1, 'Admin', '2014-01-20 02:01:49', '', '0000-00-00 00:00:00'),
(330, 'All Sport & Outdoor', 657, 658, 324, '', 'All Sport & Outdoor', 0, 1, 'Admin', '2014-01-20 03:01:01', '', '0000-00-00 00:00:00'),
(331, 'Pools & Water Fun', 659, 660, 324, '', 'Pools & Water Fun', 0, 1, 'Admin', '2014-01-20 03:01:12', '', '0000-00-00 00:00:00'),
(332, 'Health Personal Care & Beauty', 663, 776, 0, '', 'Health Personal Care & Beauty', 0, 1, 'Admin', '2014-01-20 03:01:28', '', '0000-00-00 00:00:00'),
(333, 'Health Diet & Nutrition', 664, 689, 332, '', 'Health Diet & Nutrition', 0, 1, 'Admin', '2014-01-20 03:01:43', '', '0000-00-00 00:00:00'),
(334, 'Shaving & Hair Removal', 665, 666, 333, '', 'Shaving & Hair Removal', 0, 1, 'Admin', '2014-01-20 03:01:03', '', '0000-00-00 00:00:00'),
(335, 'Health Care', 667, 668, 333, '', 'Health Care', 0, 1, 'Admin', '2014-01-20 03:01:22', '', '0000-00-00 00:00:00'),
(336, 'Medical Supplies & Equipment', 669, 670, 333, '', 'Medical Supplies & Equipment', 0, 1, 'Admin', '2014-01-20 03:01:33', '', '0000-00-00 00:00:00'),
(337, 'Diabetic Care', 671, 672, 333, '', 'Diabetic Care', 0, 1, 'Admin', '2014-01-20 03:01:43', '', '0000-00-00 00:00:00'),
(338, 'Blood Pressure', 673, 674, 333, '', 'Blood Pressure', 0, 1, 'Admin', '2014-01-20 03:01:57', '', '0000-00-00 00:00:00'),
(339, 'Tools And Accessories', 675, 676, 333, '', 'Tools And Accessories', 0, 1, 'Admin', '2014-01-20 03:01:13', '', '0000-00-00 00:00:00'),
(340, 'Sexual Wellness', 677, 678, 333, '', 'Sexual Wellness', 0, 1, 'Admin', '2014-01-20 03:01:24', '', '0000-00-00 00:00:00'),
(341, 'Vitamins & Supplements', 679, 680, 333, '', 'Vitamins & Supplements', 0, 1, 'Admin', '2014-01-20 03:01:37', '', '0000-00-00 00:00:00'),
(342, 'All Diet & Nutrition', 681, 682, 333, '', 'All Diet & Nutrition', 0, 1, 'Admin', '2014-01-20 03:01:48', '', '0000-00-00 00:00:00'),
(343, 'Nutrition Bars & Drinks', 683, 684, 333, '', 'Nutrition Bars & Drinks', 0, 1, 'Admin', '2014-01-20 03:01:58', '', '0000-00-00 00:00:00'),
(344, 'Weight Loss Products', 685, 686, 333, '', 'Weight Loss Products', 0, 1, 'Admin', '2014-01-20 03:01:13', '', '0000-00-00 00:00:00'),
(345, 'Sports Supplements', 687, 688, 333, '', 'Sports Supplements', 0, 1, 'Admin', '2014-01-20 03:01:24', '', '0000-00-00 00:00:00'),
(346, 'Personal Care', 690, 711, 332, '', 'Personal Care', 0, 1, 'Admin', '2014-01-20 03:01:45', '', '0000-00-00 00:00:00'),
(347, 'Massage', 691, 692, 346, '', 'Massage', 0, 1, 'Admin', '2014-01-20 03:01:59', '', '0000-00-00 00:00:00'),
(348, 'Deodorants', 693, 694, 346, '', 'Deodorants', 0, 1, 'Admin', '2014-01-20 03:01:13', '', '0000-00-00 00:00:00'),
(349, 'Hair Loss Solutions', 695, 696, 346, '', 'Hair Loss Solutions', 0, 1, 'Admin', '2014-01-20 03:01:58', '', '0000-00-00 00:00:00'),
(350, 'Herbal & Organic Products', 697, 698, 346, '', 'Herbal & Organic Products', 0, 1, 'Admin', '2014-01-20 03:01:13', '', '0000-00-00 00:00:00'),
(351, 'Eye Care', 699, 700, 346, '', 'Eye Care', 0, 1, 'Admin', '2014-01-20 03:01:25', '', '0000-00-00 00:00:00'),
(352, 'Lip Care', 701, 702, 346, '', 'Lip Care', 0, 1, 'Admin', '2014-01-20 03:01:41', '', '0000-00-00 00:00:00'),
(353, 'Shaving & Hair Removal', 703, 704, 346, '', 'Shaving & Hair Removal', 0, 1, 'Admin', '2014-01-20 03:01:54', '', '0000-00-00 00:00:00'),
(354, 'Feminine Hygeine', 705, 706, 346, '', 'Feminine Hygeine', 0, 1, 'Admin', '2014-01-20 03:01:12', '', '0000-00-00 00:00:00'),
(355, 'Oral Hygeine', 707, 708, 346, '', 'Oral Hygeine', 0, 1, 'Admin', '2014-01-20 03:01:23', '', '0000-00-00 00:00:00'),
(356, 'Foot Care', 709, 710, 346, '', 'Foot Care', 0, 1, 'Admin', '2014-01-20 03:01:38', '', '0000-00-00 00:00:00'),
(357, 'Fragrance & Deos', 712, 729, 332, '', 'Fragrance & Deos', 0, 1, 'Admin', '2014-01-20 03:01:50', '', '0000-00-00 00:00:00'),
(358, 'Perfumes', 713, 714, 357, '', 'Perfumes', 0, 1, 'Admin', '2014-01-20 03:01:49', '', '0000-00-00 00:00:00'),
(359, 'Candles & Home Scents', 715, 716, 357, '', 'Candles & Home Scents', 0, 1, 'Admin', '2014-01-20 03:01:59', '', '0000-00-00 00:00:00'),
(360, 'Deos & Antiperspirants', 717, 718, 357, '', 'Deos & Antiperspirants', 0, 1, 'Admin', '2014-01-20 03:01:11', '', '0000-00-00 00:00:00'),
(361, 'Eau De Cologne', 719, 720, 357, '', 'Eau De Cologne', 0, 1, 'Admin', '2014-01-20 03:01:25', '', '0000-00-00 00:00:00'),
(362, 'Eau De Toilette', 721, 722, 357, '', 'Eau De Toilette', 0, 1, 'Admin', '2014-01-20 03:01:35', '', '0000-00-00 00:00:00'),
(363, 'Sets', 723, 724, 357, '', 'Sets', 0, 1, 'Admin', '2014-01-20 03:01:47', '', '0000-00-00 00:00:00'),
(364, 'Eau De Parfum', 725, 726, 357, '', 'Eau De Parfum', 0, 1, 'Admin', '2014-01-20 03:01:58', '', '0000-00-00 00:00:00'),
(365, 'All Fragrance & Deos', 727, 728, 357, '', 'All Fragrance & Deos', 0, 1, 'Admin', '2014-01-20 03:01:10', '', '0000-00-00 00:00:00'),
(366, 'Makeup & Nails', 730, 745, 332, '', 'Makeup & Nails', 0, 1, 'Admin', '2014-01-20 03:01:22', '', '0000-00-00 00:00:00'),
(367, 'Face', 731, 732, 366, '', 'Face', 0, 1, 'Admin', '2014-01-20 03:01:41', '', '0000-00-00 00:00:00'),
(368, 'Makeup Sets', 733, 734, 366, '', 'Makeup Sets', 0, 1, 'Admin', '2014-01-20 03:01:51', '', '0000-00-00 00:00:00'),
(369, 'Lips', 735, 736, 366, '', 'Lips', 0, 1, 'Admin', '2014-01-20 03:01:01', '', '0000-00-00 00:00:00'),
(370, 'Body', 737, 738, 366, '', 'Body', 0, 1, 'Admin', '2014-01-20 03:01:13', '', '0000-00-00 00:00:00'),
(371, 'Eyes', 739, 740, 366, '', 'Eyes', 0, 1, 'Admin', '2014-01-20 03:01:24', '', '0000-00-00 00:00:00'),
(372, 'Makeup Remover', 741, 742, 366, '', 'Makeup Remover', 0, 1, 'Admin', '2014-01-20 03:01:33', '', '0000-00-00 00:00:00'),
(373, 'Nails', 743, 744, 366, '', 'Nails', 0, 1, 'Admin', '2014-01-20 03:01:47', '', '0000-00-00 00:00:00'),
(374, 'SkinCare', 746, 775, 332, '', 'SkinCare', 0, 1, 'Admin', '2014-01-20 03:01:02', '', '0000-00-00 00:00:00'),
(375, 'Mens Grooming', 747, 748, 374, '', 'Mens Grooming', 0, 1, 'Admin', '2014-01-20 03:01:26', '', '0000-00-00 00:00:00'),
(376, 'Bath & Shower', 749, 750, 374, '', 'Bath & Shower', 0, 1, 'Admin', '2014-01-20 03:01:40', '', '0000-00-00 00:00:00'),
(377, 'Anti-Aging', 751, 752, 374, '', 'Anti-Aging', 0, 1, 'Admin', '2014-01-20 03:01:52', '', '0000-00-00 00:00:00'),
(378, 'Fairness', 753, 754, 374, '', 'Fairness', 0, 1, 'Admin', '2014-01-20 03:01:03', '', '0000-00-00 00:00:00'),
(379, 'Face', 755, 756, 374, '', 'Face', 0, 1, 'Admin', '2014-01-20 03:01:16', '', '0000-00-00 00:00:00'),
(380, 'Hair Removal', 757, 758, 374, '', 'Hair Removal', 0, 1, 'Admin', '2014-01-20 03:01:29', '', '0000-00-00 00:00:00'),
(381, 'Sets', 759, 760, 374, '', 'Sets', 0, 1, 'Admin', '2014-01-20 03:01:40', '', '0000-00-00 00:00:00'),
(382, 'Lips', 761, 762, 374, '', 'Lips', 0, 1, 'Admin', '2014-01-20 03:01:55', '', '0000-00-00 00:00:00'),
(383, 'Feet', 763, 764, 374, '', 'Feet', 0, 1, 'Admin', '2014-01-20 03:01:05', '', '0000-00-00 00:00:00'),
(384, 'Hands & Nails', 765, 766, 374, '', 'Hands & Nails', 0, 1, 'Admin', '2014-01-20 03:01:14', '', '0000-00-00 00:00:00'),
(385, 'Eyes', 767, 768, 374, '', 'Eyes', 0, 1, 'Admin', '2014-01-20 03:01:25', '', '0000-00-00 00:00:00'),
(386, 'Sun', 769, 770, 374, '', 'Sun', 0, 1, 'Admin', '2014-01-20 03:01:40', '', '0000-00-00 00:00:00'),
(387, 'Maternity', 771, 774, 374, '', 'Maternity', 0, 1, 'Admin', '2014-01-20 03:01:49', '', '0000-00-00 00:00:00'),
(388, 'Other Utilities', 777, 794, 0, '', 'Other Utilities', 0, 1, 'Admin', '2014-01-20 03:01:06', '', '0000-00-00 00:00:00'),
(389, 'Automotive', 778, 779, 388, '', 'Automotive', 0, 1, 'Admin', '2014-01-20 03:01:23', '', '0000-00-00 00:00:00'),
(390, 'Garden', 780, 781, 388, '', 'Garden', 0, 1, 'Admin', '2014-01-20 03:01:35', '', '0000-00-00 00:00:00'),
(391, 'Grocery', 782, 783, 388, '', 'Grocery', 0, 1, 'Admin', '2014-01-20 03:01:48', 'Admin', '2014-01-20 03:01:58'),
(392, 'Musical Instruments', 784, 785, 388, '', 'Musical Instruments', 0, 1, 'Admin', '2014-01-20 03:01:06', '', '0000-00-00 00:00:00'),
(393, 'Office & School Supplies', 772, 773, 387, '', 'Office & School Supplies', 0, 1, 'Admin', '2014-01-20 03:01:18', '', '0000-00-00 00:00:00'),
(394, 'Pet Supplies', 786, 787, 388, '', 'Pet Supplies', 0, 1, 'Admin', '2014-01-20 03:01:37', '', '0000-00-00 00:00:00'),
(395, 'Home Improvement', 788, 789, 388, '', 'Home Improvement', 0, 1, 'Admin', '2014-01-20 03:01:52', '', '0000-00-00 00:00:00'),
(396, 'Digital TV', 790, 791, 388, '', 'Digital TV', 0, 1, 'Admin', '2014-01-20 03:01:03', '', '0000-00-00 00:00:00'),
(397, 'Mobile Recharge', 792, 793, 388, '', 'Mobile Recharge', 0, 1, 'Admin', '2014-01-20 03:01:15', '', '0000-00-00 00:00:00'),
(398, 'Business', 795, 804, 0, '', 'Business', 0, 1, 'Admin', '2014-01-20 03:01:32', '', '0000-00-00 00:00:00'),
(399, 'Domain Registration', 796, 797, 398, '', 'Domain Registration', 0, 1, 'Admin', '2014-01-20 03:01:48', '', '0000-00-00 00:00:00'),
(400, 'Printing', 798, 799, 398, '', 'Printing', 0, 1, 'Admin', '2014-01-20 03:01:03', '', '0000-00-00 00:00:00'),
(401, 'Education', 800, 801, 398, '', 'Education', 0, 1, 'Admin', '2014-01-20 03:01:14', '', '0000-00-00 00:00:00'),
(402, 'Web Hosting', 802, 803, 398, '', 'Web Hosting', 0, 1, 'Admin', '2014-01-20 03:01:25', '', '0000-00-00 00:00:00'),
(403, 'Travel', 805, 848, 0, '', 'Travel', 0, 1, 'Admin', '2014-01-20 03:01:37', '', '0000-00-00 00:00:00'),
(404, 'Bus Bookings', 806, 807, 403, '', 'Bus Bookings', 0, 1, 'Admin', '2014-01-20 03:01:44', '', '0000-00-00 00:00:00'),
(405, 'Air Travel', 808, 809, 403, '', 'Air Travel', 0, 1, 'Admin', '2014-01-20 03:01:55', '', '0000-00-00 00:00:00'),
(406, 'Railway Bookings', 810, 811, 403, '', 'Railway Bookings', 0, 1, 'Admin', '2014-01-20 03:01:07', '', '0000-00-00 00:00:00');
INSERT INTO `categories` (`id`, `name`, `lft`, `rght`, `parent_id`, `image`, `shortdesc`, `noofclick`, `status`, `createdby`, `createddate`, `modifiedby`, `modifieddate`) VALUES
(407, 'Hotel Bookings', 812, 813, 403, '', 'Hotel Bookings', 0, 1, 'Admin', '2014-01-20 03:01:19', 'Admin', '2014-01-20 03:01:27'),
(408, 'Luggage & Bags', 814, 835, 403, '', 'Luggage & Bags', 0, 1, 'Admin', '2014-01-20 03:01:34', '', '0000-00-00 00:00:00'),
(409, 'Backpacks', 815, 816, 408, '', 'Backpacks', 0, 1, 'Admin', '2014-01-20 03:01:44', '', '0000-00-00 00:00:00'),
(410, 'Shoulder Bags', 817, 818, 408, '', 'Shoulder Bags', 0, 1, 'Admin', '2014-01-20 03:01:00', '', '0000-00-00 00:00:00'),
(411, 'Canvas & Tote Bags', 819, 820, 408, '', 'Canvas & Tote Bags', 0, 1, 'Admin', '2014-01-20 03:01:11', '', '0000-00-00 00:00:00'),
(412, 'Travel Totes', 821, 822, 408, '', 'Travel Totes', 0, 1, 'Admin', '2014-01-20 03:01:23', '', '0000-00-00 00:00:00'),
(413, 'Luggage Sets', 823, 824, 408, '', 'Luggage Sets', 0, 1, 'Admin', '2014-01-20 03:01:34', '', '0000-00-00 00:00:00'),
(414, 'Travel Garment Bags', 825, 826, 408, '', 'Travel Garment Bags', 0, 1, 'Admin', '2014-01-20 03:01:45', '', '0000-00-00 00:00:00'),
(415, 'Suitcases', 827, 828, 408, '', 'Suitcases', 0, 1, 'Admin', '2014-01-20 03:01:55', '', '0000-00-00 00:00:00'),
(416, 'Travel Duffels', 829, 830, 408, '', 'Travel Duffels', 0, 1, 'Admin', '2014-01-20 03:01:07', '', '0000-00-00 00:00:00'),
(417, 'Laptop Roller Cases', 831, 832, 408, '', 'Laptop Roller Cases', 0, 1, 'Admin', '2014-01-20 03:01:21', '', '0000-00-00 00:00:00'),
(418, 'All Luggage', 833, 834, 408, '', 'All Luggage', 0, 1, 'Admin', '2014-01-20 03:01:31', '', '0000-00-00 00:00:00'),
(419, 'Travel Accessories', 836, 847, 403, '', 'Travel Accessories', 0, 1, 'Admin', '2014-01-20 03:01:43', '', '0000-00-00 00:00:00'),
(420, 'Toiletry Bags', 837, 838, 419, '', 'Toiletry Bags', 0, 1, 'Admin', '2014-01-20 03:01:55', '', '0000-00-00 00:00:00'),
(421, 'Luggage Straps', 839, 840, 419, '', 'Luggage Straps', 0, 1, 'Admin', '2014-01-20 03:01:04', '', '0000-00-00 00:00:00'),
(422, 'Luggage Carts', 841, 842, 419, '', 'Luggage Carts', 0, 1, 'Admin', '2014-01-20 03:01:14', '', '0000-00-00 00:00:00'),
(423, 'Packing Organizers', 843, 844, 419, '', 'Packing Organizers', 0, 1, 'Admin', '2014-01-20 03:01:26', '', '0000-00-00 00:00:00'),
(424, 'All Travel Accessories', 845, 846, 419, '', 'All Travel Accessories', 0, 1, 'Admin', '2014-01-20 03:01:39', '', '0000-00-00 00:00:00'),
(425, 'Daily Deals Websites', 849, 850, 0, '', 'Daily Deals Websites', 0, 1, 'Admin', '2014-01-20 03:01:49', '', '0000-00-00 00:00:00');

-- --------------------------------------------------------

--
-- Table structure for table `categories_cashbacks`
--

CREATE TABLE IF NOT EXISTS `categories_cashbacks` (
  `id` int(11) NOT NULL AUTO_INCREMENT,
  `cashback_id` int(11) NOT NULL,
  `category_id` int(11) NOT NULL,
  `parent_id` int(11) NOT NULL,
  PRIMARY KEY (`id`)
) ENGINE=InnoDB  DEFAULT CHARSET=latin1 AUTO_INCREMENT=45 ;

--
-- Dumping data for table `categories_cashbacks`
--

INSERT INTO `categories_cashbacks` (`id`, `cashback_id`, `category_id`, `parent_id`) VALUES
(1, 1, 221, 0),
(2, 1, 239, 0),
(3, 1, 240, 0),
(4, 2, 74, 0),
(5, 2, 75, 0),
(6, 3, 221, 0),
(7, 3, 239, 0),
(8, 3, 248, 0),
(9, 4, 26, 0),
(10, 4, 27, 0),
(11, 4, 28, 0),
(12, 5, 125, 0),
(13, 5, 126, 0),
(14, 5, 129, 0),
(15, 6, 1, 0),
(16, 6, 15, 0),
(17, 6, 16, 0),
(18, 7, 1, 0),
(19, 7, 15, 0),
(20, 7, 16, 0),
(21, 8, 1, 0),
(22, 8, 15, 0),
(23, 8, 16, 0),
(24, 9, 125, 0),
(25, 9, 154, 0),
(26, 10, 403, 0),
(27, 11, 221, 0),
(28, 11, 239, 0),
(29, 11, 248, 0),
(30, 12, 403, 0),
(31, 13, 125, 0),
(32, 13, 126, 0),
(33, 13, 129, 0),
(34, 14, 403, 0),
(35, 15, 26, 0),
(36, 15, 27, 0),
(37, 15, 28, 0),
(38, 16, 26, 0),
(39, 16, 27, 0),
(40, 16, 28, 0),
(41, 17, 26, 0),
(42, 17, 27, 0),
(43, 17, 28, 0),
(44, 18, 403, 0);

-- --------------------------------------------------------

--
-- Table structure for table `categories_coupons`
--

CREATE TABLE IF NOT EXISTS `categories_coupons` (
  `id` int(11) NOT NULL AUTO_INCREMENT,
  `coupon_id` int(11) NOT NULL,
  `category_id` int(11) NOT NULL,
  `parent_id` int(11) NOT NULL,
  PRIMARY KEY (`id`)
) ENGINE=InnoDB  DEFAULT CHARSET=latin1 AUTO_INCREMENT=13 ;

--
-- Dumping data for table `categories_coupons`
--

INSERT INTO `categories_coupons` (`id`, `coupon_id`, `category_id`, `parent_id`) VALUES
(1, 1, 1, 0),
(2, 1, 15, 0),
(3, 1, 16, 0),
(4, 2, 74, 0),
(5, 3, 74, 0),
(6, 4, 403, 0),
(7, 5, 74, 0),
(8, 6, 74, 0),
(9, 7, 74, 0),
(10, 8, 74, 0),
(11, 9, 74, 0),
(12, 9, 75, 0);

-- --------------------------------------------------------

--
-- Table structure for table `categories_stores`
--

CREATE TABLE IF NOT EXISTS `categories_stores` (
  `id` int(11) NOT NULL AUTO_INCREMENT,
  `store_id` int(11) NOT NULL,
  `category_id` int(11) NOT NULL,
  `parent_id` int(11) NOT NULL,
  PRIMARY KEY (`id`)
) ENGINE=InnoDB  DEFAULT CHARSET=latin1 AUTO_INCREMENT=32 ;

--
-- Dumping data for table `categories_stores`
--

INSERT INTO `categories_stores` (`id`, `store_id`, `category_id`, `parent_id`) VALUES
(1, 1, 1, 0),
(2, 1, 15, 0),
(3, 1, 16, 0),
(4, 2, 74, 0),
(5, 2, 403, 0),
(6, 3, 74, 0),
(7, 4, 74, 0),
(8, 5, 74, 0),
(9, 1, 74, 0),
(10, 1, 75, 0),
(11, 6, 221, 0),
(12, 6, 239, 0),
(13, 6, 240, 0),
(14, 6, 74, 0),
(15, 6, 75, 0),
(16, 7, 221, 0),
(17, 7, 239, 0),
(18, 7, 248, 0),
(19, 7, 26, 0),
(20, 7, 27, 0),
(21, 7, 28, 0),
(22, 7, 125, 0),
(23, 7, 126, 0),
(24, 7, 129, 0),
(25, 7, 1, 0),
(26, 7, 15, 0),
(27, 7, 16, 0),
(28, 7, 154, 0),
(29, 6, 403, 0),
(30, 6, 248, 0),
(31, 7, 403, 0);

-- --------------------------------------------------------

--
-- Table structure for table `coupons`
--

CREATE TABLE IF NOT EXISTS `coupons` (
  `id` int(11) NOT NULL AUTO_INCREMENT,
  `store_id` int(11) NOT NULL,
  `affiliate_id` int(11) DEFAULT NULL,
  `name` varchar(150) NOT NULL,
  `pricerule` varchar(200) NOT NULL,
  `except_category` varchar(200) NOT NULL,
  `coupon_tag` varchar(200) NOT NULL,
  `coupontype` varchar(250) NOT NULL,
  `reviews` varchar(255) NOT NULL,
  `desc` varchar(255) NOT NULL,
  `link` varchar(255) NOT NULL,
  `start_date` datetime DEFAULT NULL,
  `end_date` datetime DEFAULT NULL,
  `status` int(1) NOT NULL,
  `coupon_code` varchar(50) NOT NULL,
  `filename` varchar(150) DEFAULT NULL,
  `createby` varchar(50) NOT NULL,
  `createddate` datetime NOT NULL,
  `modifiedby` varchar(50) NOT NULL,
  `modifieddate` datetime NOT NULL,
  PRIMARY KEY (`id`)
) ENGINE=InnoDB  DEFAULT CHARSET=latin1 AUTO_INCREMENT=10 ;

--
-- Dumping data for table `coupons`
--

INSERT INTO `coupons` (`id`, `store_id`, `affiliate_id`, `name`, `pricerule`, `except_category`, `coupon_tag`, `coupontype`, `reviews`, `desc`, `link`, `start_date`, `end_date`, `status`, `coupon_code`, `filename`, `createby`, `createddate`, `modifiedby`, `modifieddate`) VALUES
(1, 1, NULL, 'Flat Rs. 1000 OFF On Laptops', '', '', 'Laptops', 'empty', '', 'Flat Rs. 1000 OFF On Laptops', 'http://www.snapdeal.com/products/computers-laptops?sort=plrty', '2014-01-15 00:00:00', '2014-01-31 23:59:00', 1, 'LAP1000', '/tmp/phpy2nnos', '', '2014-01-22 05:01:16', 'Admin', '2014-01-22 07:01:58'),
(2, 2, 0, '30% OFF on Rs. 1499', '', '', 'Apparel', '', '', '30% OFF on Rs. 1499', 'http://www.myntra.com/citi-bank-campaign?hpbnr=pb-citi-bank-campaign-04Dec', '2013-12-04 00:12:00', '2013-12-05 00:12:00', 1, 'CITIOMG', '/tmp/phpy2nnos', '', '2014-01-22 05:01:16', '', '0000-00-00 00:00:00'),
(3, 2, 0, '25% OFF on Rs. 1599 and above', '', '', 'Apparel', '', '', '25% OFF on Rs. 1599 and above', 'http://www.myntra.com/sales?nav_id=1&src=tn', '2013-12-01 00:12:00', '2013-12-05 00:12:00', 1, 'EXTRA25', '/tmp/phpy2nnos', '', '2014-01-22 05:01:16', '', '0000-00-00 00:00:00'),
(4, 2, 0, '10% OFF on Rs. 999 and above', '', '', 'Apparel', '', '', '10% OFF on Rs. 999 and above', 'http://www.myntra.com/sales?nav_id=1&src=tn', '2013-12-01 00:12:00', '2013-12-05 00:12:00', 1, 'EXTRA10', '/tmp/phpy2nnos', '', '2014-01-22 05:01:16', '', '0000-00-00 00:00:00'),
(5, 3, 0, 'zovi', '', '', 'Apparel', '', '', 'zovi', 'http://zovi.com/', '2013-12-01 00:12:00', '2013-12-05 00:12:00', 1, 'CITIOMG', '/tmp/phpy2nnos', '', '2014-01-22 05:01:16', '', '0000-00-00 00:00:00'),
(6, 4, 0, 'Trendin com offers', '', '', 'Apparel', '', '', 'Trendin com offers', 'http://www.trendin.com/offers/124', '2013-12-01 00:12:00', '2014-10-31 00:10:00', 1, 'sasasa', '/tmp/phpy2nnos', '', '2014-01-22 05:01:16', '', '0000-00-00 00:00:00'),
(7, 5, 0, 'Rs. 1000 off on minimum purchase of Rs. 2500', '', '', 'Apparel', '', '', 'Rs. 1000 off on minimum purchase of Rs. 2500', 'http://www.yebhi.com/online-shopping/yebhi-sales.html?affint=header-msg-1000-off-on-2500', '2013-12-01 00:12:00', '2014-10-31 00:10:00', 1, 'SHOP1000', '/tmp/phpy2nnos', '', '2014-01-22 05:01:16', '', '0000-00-00 00:00:00'),
(8, 5, 0, '25% OFF on min. purchase of Rs. 1800', '', '', 'Apparel', '', '', '25% OFF on min. purchase of Rs. 1800', 'http://www.yebhi.com/online-shopping/vip-customer.html', '2013-12-01 00:12:00', '2014-10-31 00:10:00', 1, 'ADD25', '/tmp/phpy2nnos', '', '2014-01-22 05:01:16', '', '0000-00-00 00:00:00'),
(9, 1, 0, 'Multiple Offers. Check Landing Page', '', '', 'Lingerie', '', '', 'Multiple Offers. Check Landing Page', 'http://prettysecrets.com/offers', '2013-12-01 00:12:00', '2014-10-31 00:10:00', 1, 'ADD25', '/tmp/phpy2nnos', '', '2014-01-22 05:01:16', '', '0000-00-00 00:00:00');

-- --------------------------------------------------------

--
-- Table structure for table `customers`
--

CREATE TABLE IF NOT EXISTS `customers` (
  `id` varchar(36) NOT NULL,
  `username` varchar(255) NOT NULL,
  `facebook_id` int(11) NOT NULL,
  `slug` varchar(255) NOT NULL,
  `first_name` varchar(100) NOT NULL,
  `last_name` varchar(100) NOT NULL,
  `birthday` date NOT NULL,
  `newsletter` int(1) NOT NULL DEFAULT '0',
  `referral` int(1) NOT NULL DEFAULT '0',
  `password` varchar(128) DEFAULT NULL,
  `password_token` varchar(128) DEFAULT NULL,
  `email` varchar(255) DEFAULT NULL,
  `email_verified` tinyint(1) DEFAULT '0',
  `email_token` varchar(255) DEFAULT NULL,
  `email_token_expires` datetime DEFAULT NULL,
  `tos` tinyint(1) DEFAULT '0',
  `active` tinyint(1) DEFAULT '0',
  `last_login` datetime DEFAULT NULL,
  `last_action` datetime DEFAULT NULL,
  `is_admin` tinyint(1) DEFAULT '0',
  `role` varchar(255) DEFAULT NULL,
  `created` datetime DEFAULT NULL,
  `modified` datetime DEFAULT NULL,
  PRIMARY KEY (`id`),
  KEY `BY_USERNAME` (`username`),
  KEY `BY_EMAIL` (`email`)
) ENGINE=InnoDB DEFAULT CHARSET=latin1;

--
-- Dumping data for table `customers`
--

INSERT INTO `customers` (`id`, `username`, `facebook_id`, `slug`, `first_name`, `last_name`, `birthday`, `newsletter`, `referral`, `password`, `password_token`, `email`, `email_verified`, `email_token`, `email_token_expires`, `tos`, `active`, `last_login`, `last_action`, `is_admin`, `role`, `created`, `modified`) VALUES
('52d51de8-d150-45b0-97f1-1b7d4939c5d1', 'shivamohm', 0, 'shivamohm', 'shivam', 'awasthi', '0000-00-00', 0, 0, 'a507cf743256b1b05f0c427f1bcecdb7a4b5c418', NULL, 'awasthi.shivam@gmail.com', 1, '40hkbqutwr', '2014-01-15 06:22:16', 1, 1, '2014-01-17 04:31:27', NULL, 0, 'user_registered', '2014-01-14 06:22:16', '2014-01-17 04:31:27'),
('52d8fdd2-4af4-479f-849b-20504939c5d1', 'way2online', 0, 'way2online', '', '', '0000-00-00', 0, 0, 'a507cf743256b1b05f0c427f1bcecdb7a4b5c418', 'bacxsmwyu2', 'shivam.awasthi@way2online.com', 1, '8247jsr0b3', '2014-01-26 01:46:50', 1, 1, '2014-01-24 04:49:04', NULL, 0, 'user_registered', '2014-01-17 04:54:26', '2014-01-24 04:49:04');

-- --------------------------------------------------------

--
-- Table structure for table `customer_details`
--

CREATE TABLE IF NOT EXISTS `customer_details` (
  `id` varchar(36) NOT NULL,
  `customer_id` varchar(36) NOT NULL,
  `first_name` varchar(100) NOT NULL,
  `last_name` varchar(100) NOT NULL,
  `position` float NOT NULL DEFAULT '1',
  `field` varchar(255) NOT NULL,
  `value` text,
  `input` varchar(16) NOT NULL,
  `data_type` varchar(16) NOT NULL,
  `label` varchar(128) NOT NULL,
  `created` datetime DEFAULT NULL,
  `modified` datetime DEFAULT NULL,
  PRIMARY KEY (`id`),
  UNIQUE KEY `UNIQUE_PROFILE_PROPERTY` (`field`,`customer_id`)
) ENGINE=InnoDB DEFAULT CHARSET=latin1;

-- --------------------------------------------------------

--
-- Table structure for table `dirty_coupons`
--

CREATE TABLE IF NOT EXISTS `dirty_coupons` (
  `id` int(11) NOT NULL AUTO_INCREMENT,
  `prod_name` varchar(100) NOT NULL,
  `prodid` int(11) NOT NULL,
  `prod_cat` varchar(100) NOT NULL,
  `prod_subcat` varchar(100) NOT NULL,
  `prod_subcat_2` varchar(100) NOT NULL,
  `prod_brand` varchar(100) NOT NULL,
  `prod_desc` text NOT NULL,
  `inventory_status` varchar(50) NOT NULL,
  `manufacturer` varchar(100) NOT NULL,
  `prod_px` int(11) NOT NULL,
  `prod_disc_px` int(11) NOT NULL,
  `prod_disc_value` int(11) NOT NULL,
  `prod_disc_percentage` int(11) NOT NULL,
  `disc_condition` varchar(200) NOT NULL,
  `prod_delivery` varchar(100) NOT NULL,
  `prod_delivery_2` varchar(100) NOT NULL,
  `landing_url` varchar(200) NOT NULL,
  `prod_gender` varchar(7) NOT NULL,
  `prod_size` varchar(20) NOT NULL,
  `prod_color` varchar(100) NOT NULL,
  `prod_small_img` varchar(200) NOT NULL,
  `prod_large_img` varchar(200) NOT NULL,
  `prod_return_policy` varchar(100) NOT NULL,
  `prod_warranty` varchar(200) NOT NULL,
  `store_type` varchar(20) NOT NULL,
  `feed_url` varchar(250) NOT NULL,
  `feed_data_type` varchar(20) NOT NULL,
  `created_by` varchar(30) NOT NULL,
  `created_date` datetime NOT NULL,
  `modified_by` varchar(30) NOT NULL,
  `modified_date` datetime NOT NULL,
  PRIMARY KEY (`id`)
) ENGINE=InnoDB DEFAULT CHARSET=latin1 AUTO_INCREMENT=1 ;

-- --------------------------------------------------------

--
-- Table structure for table `login_tokens`
--

CREATE TABLE IF NOT EXISTS `login_tokens` (
  `id` int(11) NOT NULL AUTO_INCREMENT,
  `user_id` int(11) NOT NULL,
  `token` char(32) NOT NULL,
  `duration` varchar(32) NOT NULL,
  `used` tinyint(1) NOT NULL DEFAULT '0',
  `created` datetime NOT NULL,
  `expires` datetime NOT NULL,
  PRIMARY KEY (`id`)
) ENGINE=MyISAM  DEFAULT CHARSET=utf8 AUTO_INCREMENT=368 ;

--
-- Dumping data for table `login_tokens`
--

INSERT INTO `login_tokens` (`id`, `user_id`, `token`, `duration`, `used`, `created`, `expires`) VALUES
(1, 1, '5ba9e622f62a5ca905614869eaaed873', '2 weeks', 0, '2013-11-27 07:27:51', '2013-12-11 07:27:51'),
(2, 1, '1987eb0109affd7383213c3a6e2b9829', '2 weeks', 0, '2013-11-27 07:35:57', '2013-12-11 07:35:57'),
(3, 1, 'ec7ed5f0e7d625c59e91df9c2555480a', '2 weeks', 0, '2013-11-27 07:36:41', '2013-12-11 07:36:41'),
(4, 1, '886164df7266a96edf8b29068de4afa9', '2 weeks', 0, '2013-11-27 07:41:34', '2013-12-11 07:41:34'),
(5, 1, '2b4ca828d8e73b4680e8dfdf68daed0b', '2 weeks', 1, '2013-11-27 07:42:38', '2013-12-11 07:42:38'),
(6, 1, 'b26528615e5de275cd49143d3d8f4d4e', '2 weeks', 0, '2013-11-27 09:03:04', '2013-12-11 09:03:04'),
(7, 1, 'a38e1880a42fc01aef10f4a0635ffc0e', '2 weeks', 0, '2013-11-28 00:55:22', '2013-12-12 00:55:22'),
(8, 1, '4672552bfdedc263d7184b229586de42', '2 weeks', 0, '2013-11-28 01:11:17', '2013-12-12 01:11:17'),
(9, 1, '3af0beff0d9f62b248f44c373dd580ae', '2 weeks', 0, '2013-11-28 01:13:02', '2013-12-12 01:13:02'),
(10, 1, '3fd6e0b6e6b4b71fa37a2aebb0407980', '2 weeks', 0, '2013-11-28 01:32:32', '2013-12-12 01:32:32'),
(11, 1, 'd6ec2dcc3a675891745948ef5303a20c', '2 weeks', 0, '2013-11-28 01:33:51', '2013-12-12 01:33:51'),
(12, 1, '3492c0c0b4e4b33cf187427eeca4c391', '2 weeks', 0, '2013-11-28 01:34:02', '2013-12-12 01:34:02'),
(13, 1, '5e00ef914b1b16ea76289384ad578848', '2 weeks', 0, '2013-11-28 01:35:15', '2013-12-12 01:35:15'),
(14, 1, 'cf56cf63306e41a2e9196ad49a0a5c59', '2 weeks', 0, '2013-11-28 01:35:31', '2013-12-12 01:35:31'),
(15, 1, '5e4d9f07354525e6cdee17618d820779', '2 weeks', 0, '2013-11-28 01:36:05', '2013-12-12 01:36:05'),
(16, 1, 'ec006a2d34271ad60d82491951a9e432', '2 weeks', 0, '2013-11-28 01:37:30', '2013-12-12 01:37:30'),
(17, 1, 'acf7dacd7eea61f0f05e79b09151e346', '2 weeks', 0, '2013-11-28 02:06:27', '2013-12-12 02:06:27'),
(18, 1, 'ed3dbe241098a14b1e3a29d7a7eb61d7', '2 weeks', 0, '2013-11-28 02:07:52', '2013-12-12 02:07:52'),
(19, 1, '0d6c23bdbc29b00f325272df1b96292e', '2 weeks', 0, '2013-11-28 02:07:55', '2013-12-12 02:07:55'),
(20, 1, '157863fde563e02ac881b974fa25346c', '2 weeks', 0, '2013-11-28 02:08:12', '2013-12-12 02:08:12'),
(337, 1, '78838ecf9a6f848162b1c725cd5a8997', '2 weeks', 1, '2014-01-18 00:15:22', '2014-02-01 00:15:22'),
(22, 1, '5e92a37bcf2a6d63ae4df1893308bdb8', '2 weeks', 1, '2013-11-28 02:11:21', '2013-12-12 02:11:21'),
(23, 1, '114bc9f4d2ea8a66f5798305f1bd7e22', '2 weeks', 0, '2013-11-28 02:48:31', '2013-12-12 02:48:31'),
(24, 1, '97eb0f19b8051f6f38bb2dd1de5ccfcc', '2 weeks', 0, '2013-11-28 02:52:19', '2013-12-12 02:52:19'),
(25, 1, 'b28a53a79442fae254919bf77e2cf5e4', '2 weeks', 0, '2013-11-28 02:52:25', '2013-12-12 02:52:25'),
(26, 1, '527ba8e521e3216777fc469067a47b63', '2 weeks', 0, '2013-11-28 02:52:27', '2013-12-12 02:52:27'),
(27, 1, 'b6c87743da6ee3245a59056787a83405', '2 weeks', 0, '2013-11-28 02:52:38', '2013-12-12 02:52:38'),
(28, 1, '3bba07c14b67df71fed606666b254b55', '2 weeks', 0, '2013-11-28 02:52:51', '2013-12-12 02:52:51'),
(29, 1, 'd4819b46193cc6ca687edbef01f705b3', '2 weeks', 0, '2013-11-28 02:53:13', '2013-12-12 02:53:13'),
(30, 1, '36a10a34b4b816a0cc6963f5be81fa70', '2 weeks', 1, '2013-11-28 03:05:50', '2013-12-12 03:05:50'),
(31, 1, 'd9f441bf4f28a134259b3fdb6084fba0', '2 weeks', 0, '2013-11-28 03:47:41', '2013-12-12 03:47:41'),
(336, 1, '1f9759eb76d68276ac40c7596518d55c', '2 weeks', 0, '2014-01-17 04:53:46', '2014-01-31 04:53:46'),
(33, 1, '64133bb7bd65eeb9163b4790eb4533ad', '2 weeks', 0, '2013-11-28 05:03:21', '2013-12-12 05:03:21'),
(335, 1, 'fdc988e746b712ffc481cd3abdc34284', '2 weeks', 1, '2014-01-17 04:37:54', '2014-01-31 04:37:54'),
(35, 1, '45e587e96ad9035389b6ba76b0192966', '2 weeks', 0, '2013-11-28 05:31:51', '2013-12-12 05:31:51'),
(36, 1, '7bbb2a958e978edde0404a63a00da389', '2 weeks', 1, '2013-11-28 06:40:27', '2013-12-12 06:40:27'),
(37, 1, '59177810beae5cc33f7d2f542358069f', '2 weeks', 1, '2013-11-28 06:40:59', '2013-12-12 06:40:59'),
(38, 1, 'bbc53cc764ee808da019386698b3c9e9', '2 weeks', 0, '2013-11-28 07:18:42', '2013-12-12 07:18:42'),
(39, 1, 'f6489dc8c0e622bb4e78d5052c24b977', '2 weeks', 0, '2013-11-28 07:19:33', '2013-12-12 07:19:33'),
(40, 1, 'da2de69508f07a3d00c9ef4f6c429660', '2 weeks', 0, '2013-11-28 07:19:41', '2013-12-12 07:19:41'),
(41, 1, '0c71f58b385fc91cf63cc23186f2ee2b', '2 weeks', 0, '2013-11-28 07:19:49', '2013-12-12 07:19:49'),
(42, 1, '865e4525460913b243e0c1735fa5990e', '2 weeks', 0, '2013-11-28 07:20:15', '2013-12-12 07:20:15'),
(43, 1, '9e9abe99fccb4f214311aafa7e80a6ad', '2 weeks', 1, '2013-11-28 07:20:49', '2013-12-12 07:20:49'),
(44, 1, 'a4a6cb8afb738665ab6cde7ee31e7823', '2 weeks', 0, '2013-11-28 07:43:50', '2013-12-12 07:43:50'),
(45, 1, '8265981268cd353788d065e899bc5e52', '2 weeks', 0, '2013-11-28 07:44:06', '2013-12-12 07:44:06'),
(46, 1, '4d661e52bb6e26df0d7db68f256a8030', '2 weeks', 0, '2013-11-28 07:57:07', '2013-12-12 07:57:07'),
(47, 1, 'c47ccbecc1d853354088d24127a78d4f', '2 weeks', 0, '2013-11-28 08:14:51', '2013-12-12 08:14:51'),
(48, 1, '0201c1669f1442c3806db1513b07886d', '2 weeks', 0, '2013-11-28 08:15:15', '2013-12-12 08:15:15'),
(49, 1, '4599e50dae84083e5960a9654c727146', '2 weeks', 0, '2013-11-28 08:15:42', '2013-12-12 08:15:42'),
(50, 1, 'eafcb347ee7ed4da49b8884b6746af3a', '2 weeks', 0, '2013-11-28 08:16:03', '2013-12-12 08:16:03'),
(334, 1, '8114a2ddf7d6a5bb5bcf1060fea32c48', '2 weeks', 0, '2014-01-17 04:27:10', '2014-01-31 04:27:10'),
(52, 1, 'caa56ffeedb85a528ad7e78ce3f7030b', '2 weeks', 0, '2013-11-28 08:45:09', '2013-12-12 08:45:09'),
(53, 1, '5cb67f7a4d963c25b894088ced3c1d06', '2 weeks', 0, '2013-11-28 13:47:16', '2013-12-12 13:47:16'),
(54, 1, '4e1ba931daeed363da89a7a9c7300c2d', '2 weeks', 0, '2013-11-28 13:48:12', '2013-12-12 13:48:12'),
(55, 1, '62e2881e3adc6655d9d7183269ea6fe0', '2 weeks', 1, '2013-11-28 14:01:38', '2013-12-12 14:01:38'),
(56, 1, '4afae652e5fbd87e4bbac83bb36594b2', '2 weeks', 0, '2013-11-28 23:12:33', '2013-12-12 23:12:33'),
(57, 1, '2f977d2b8b556f904927d1e12c5c87e1', '2 weeks', 0, '2013-11-29 00:02:42', '2013-12-13 00:02:42'),
(58, 1, '7d7d2b898c7e8c749f365e1e5baf31d4', '2 weeks', 0, '2013-11-29 00:19:59', '2013-12-13 00:19:59'),
(59, 1, '58dd52f937ad5bad6499e7d524ec7b46', '2 weeks', 1, '2013-11-29 00:24:49', '2013-12-13 00:24:49'),
(60, 1, 'd213d3daf413c2332bb75010cb794683', '2 weeks', 0, '2013-11-29 02:07:34', '2013-12-13 02:07:34'),
(61, 1, 'abef031cc05454ba70b9122eeb22fd12', '2 weeks', 1, '2013-11-29 02:20:18', '2013-12-13 02:20:18'),
(62, 1, 'a88f0f6a85a7fb35975f71331d4cdf6c', '2 weeks', 1, '2013-11-29 03:00:15', '2013-12-13 03:00:15'),
(63, 1, '646fdda435e660de7589c6f3b48b36a2', '2 weeks', 0, '2013-11-29 03:00:30', '2013-12-13 03:00:30'),
(64, 1, '824ad75b9b767ebce06140108d4740a6', '2 weeks', 0, '2013-11-29 03:14:59', '2013-12-13 03:14:59'),
(65, 1, 'c33e9929d9853190981893dd8be22cb7', '2 weeks', 0, '2013-11-29 04:47:54', '2013-12-13 04:47:54'),
(333, 3, '9916be0fbd85e2d009506b52f729d884', '2 weeks', 0, '2014-01-17 04:22:51', '2014-01-31 04:22:51'),
(67, 1, '1811000a388384ad37619ac96fbaecda', '2 weeks', 1, '2013-11-29 05:15:21', '2013-12-13 05:15:21'),
(68, 1, '927fbb98f484df33f47512c7c876e257', '2 weeks', 0, '2013-11-29 06:25:52', '2013-12-13 06:25:52'),
(69, 1, '927b8b2d7315a7962f2a940a1af86b6d', '2 weeks', 1, '2013-11-29 06:47:32', '2013-12-13 06:47:32'),
(70, 1, 'aa6b0dcbd52d43a2e6272565dabbf3d6', '2 weeks', 0, '2013-11-29 07:23:30', '2013-12-13 07:23:30'),
(71, 1, 'c5f2c5ca600e755232378b7c54f69204', '2 weeks', 0, '2013-11-29 07:31:42', '2013-12-13 07:31:42'),
(72, 1, '7f2e217d47a2d2049436831fbab78149', '2 weeks', 1, '2013-12-01 10:05:21', '2013-12-15 10:05:21'),
(73, 1, 'c1cdcaa4439b4c701fb4645c82f4a32e', '2 weeks', 0, '2013-12-01 12:50:54', '2013-12-15 12:50:54'),
(74, 1, 'ee21bb8c259812d3b93845277c3a9114', '2 weeks', 0, '2013-12-01 13:27:59', '2013-12-15 13:27:59'),
(75, 1, '4e7eb448020785ac78b1eb0fb1eeaec4', '2 weeks', 0, '2013-12-02 01:50:02', '2013-12-16 01:50:02'),
(332, 1, '12f3fe56ee5ba8617bab3c0d9bfc3112', '2 weeks', 0, '2014-01-17 04:20:12', '2014-01-31 04:20:12'),
(77, 1, '579ca7181cca7341a26a07e05d7186c5', '2 weeks', 0, '2013-12-02 03:59:04', '2013-12-16 03:59:04'),
(78, 1, '917f6c1c8c558d127c306f7c27cff1c3', '2 weeks', 0, '2013-12-02 04:02:30', '2013-12-16 04:02:30'),
(331, 3, '929611750f7f3f3957f55b8a8b92e6c7', '2 weeks', 0, '2014-01-17 04:18:36', '2014-01-31 04:18:36'),
(80, 1, 'b59392f42e28aa4b8028a520c727e26f', '2 weeks', 0, '2013-12-02 04:17:55', '2013-12-16 04:17:55'),
(330, 1, 'ec14fb224f3c6a44570a300721db5a1f', '2 weeks', 0, '2014-01-17 04:17:29', '2014-01-31 04:17:29'),
(82, 1, 'a82e33073b7ccbc6b518acfedf99e808', '2 weeks', 0, '2013-12-02 04:18:50', '2013-12-16 04:18:50'),
(83, 1, 'd166ba0245ad88510ad3d366ca70c45a', '2 weeks', 0, '2013-12-02 04:32:40', '2013-12-16 04:32:40'),
(84, 1, '5dd2681acecd080444742b362fa32d93', '2 weeks', 0, '2013-12-02 06:36:53', '2013-12-16 06:36:53'),
(85, 1, '9878743b96ab58b0b0327348eb895a7c', '2 weeks', 1, '2013-12-02 07:18:48', '2013-12-16 07:18:48'),
(86, 1, '27d1eadd683d11e7d6e07abecaa16dc3', '2 weeks', 0, '2013-12-02 08:41:05', '2013-12-16 08:41:05'),
(87, 1, '651c1eb22a51d46020f113bcf4d515c8', '2 weeks', 0, '2013-12-02 12:50:32', '2013-12-16 12:50:32'),
(88, 1, 'bc5778d8e2a2ec813b9c3c59dc25258f', '2 weeks', 0, '2013-12-03 00:36:58', '2013-12-17 00:36:58'),
(329, 3, '46bfb605a3f1c5093d579c62acb8eb28', '2 weeks', 0, '2014-01-17 04:16:27', '2014-01-31 04:16:27'),
(90, 1, '66d88dae80d4da68ef7430c1baf5323a', '2 weeks', 0, '2013-12-03 01:39:54', '2013-12-17 01:39:54'),
(328, 1, 'b7fdad64afca8ecdff8d16cc185bb235', '2 weeks', 0, '2014-01-17 04:14:31', '2014-01-31 04:14:31'),
(92, 1, '4debd7a4a1f35094dd70f5254d6e5093', '2 weeks', 1, '2013-12-03 01:41:58', '2013-12-17 01:41:58'),
(93, 1, 'bc650e5a21c543a159b709cd9ff39755', '2 weeks', 0, '2013-12-03 04:33:43', '2013-12-17 04:33:43'),
(94, 1, '524ce8bb40d28b98618618ccc2382171', '2 weeks', 1, '2013-12-03 05:41:42', '2013-12-17 05:41:42'),
(95, 1, '4a2c649d26d7fa7d948a7946ba28b519', '2 weeks', 0, '2013-12-03 07:09:06', '2013-12-17 07:09:06'),
(96, 1, '47df0f2df3edecf9477c1f2b60427ef3', '2 weeks', 0, '2013-12-03 07:42:42', '2013-12-17 07:42:42'),
(97, 1, '58b1335c96bdf2e03638e918b932a5ce', '2 weeks', 1, '2013-12-03 08:33:38', '2013-12-17 08:33:38'),
(98, 1, 'db4093cc2b19d6be42eeb954b28b313d', '2 weeks', 0, '2013-12-03 08:33:47', '2013-12-17 08:33:47'),
(99, 1, '2cefed524c510f93fed13d7e73b6f80e', '2 weeks', 0, '2013-12-03 08:36:02', '2013-12-17 08:36:02'),
(100, 1, '059a2292e96779e31938b4ddebcaea5d', '2 weeks', 0, '2013-12-03 10:57:21', '2013-12-17 10:57:21'),
(101, 1, '67f7ad6a0f36a1eca0c74ffb9e9c6f32', '2 weeks', 1, '2013-12-03 11:11:58', '2013-12-17 11:11:58'),
(102, 1, '2e66423da8dcd904e9c68e53c4e0f457', '2 weeks', 0, '2013-12-03 12:24:03', '2013-12-17 12:24:03'),
(103, 1, '7dd8d74bf8941742aaef0e96241b15e4', '2 weeks', 0, '2013-12-03 12:53:05', '2013-12-17 12:53:05'),
(104, 1, '0b499e16922c31bccd59e13d08b2aaac', '2 weeks', 1, '2013-12-03 13:06:13', '2013-12-17 13:06:13'),
(105, 1, '3d3fd2b094065c3ef7910dd4882e2aee', '2 weeks', 0, '2013-12-04 03:11:29', '2013-12-18 03:11:29'),
(106, 1, 'e0c375d27ae7dee35ed6e42b7d45f9f4', '2 weeks', 0, '2013-12-04 04:18:33', '2013-12-18 04:18:33'),
(107, 1, 'dde827812875823213558cae611be6ef', '2 weeks', 0, '2013-12-04 04:19:03', '2013-12-18 04:19:03'),
(108, 1, 'dadedada5d7da9b04846d3d63336d80d', '2 weeks', 0, '2013-12-04 04:55:58', '2013-12-18 04:55:58'),
(109, 1, 'ed12d8d520f7581eaf7812acda03603e', '2 weeks', 0, '2013-12-04 07:33:44', '2013-12-18 07:33:44'),
(110, 1, 'd322d3d7d3491a68c029be275a226dd2', '2 weeks', 0, '2013-12-04 07:34:59', '2013-12-18 07:34:59'),
(111, 1, 'b72d258c1c7f1cbff948f37a557fbcb8', '2 weeks', 0, '2013-12-04 07:57:12', '2013-12-18 07:57:12'),
(112, 1, '69a3676bd93e82a643942097f51cc0fa', '2 weeks', 0, '2013-12-04 08:22:19', '2013-12-18 08:22:19'),
(113, 1, 'f04e0582bb8c8255f5ca8fa4cb1ea1fa', '2 weeks', 0, '2013-12-04 08:22:48', '2013-12-18 08:22:48'),
(114, 1, 'c8f716c00f0bf0eeab1932e2d0b0ca8f', '2 weeks', 0, '2013-12-04 08:28:29', '2013-12-18 08:28:29'),
(115, 1, '4e7b461585d165e64bb2b1683d428068', '2 weeks', 0, '2013-12-04 08:31:44', '2013-12-18 08:31:44'),
(116, 1, '5f4ef32684239e88822b89234b1a3937', '2 weeks', 0, '2013-12-04 08:34:52', '2013-12-18 08:34:52'),
(117, 1, 'd40b291188ee87c5e5ee84ba12c22a03', '2 weeks', 0, '2013-12-04 08:36:32', '2013-12-18 08:36:32'),
(118, 1, '22f6a987b588f85f883d0d170b9a834a', '2 weeks', 0, '2013-12-04 08:46:38', '2013-12-18 08:46:38'),
(119, 1, '2e1a5f6613a44d36a18749daa171d17a', '2 weeks', 0, '2013-12-04 08:46:47', '2013-12-18 08:46:47'),
(120, 1, '804f8018509580e41eb513c5d9b8eb52', '2 weeks', 0, '2013-12-04 08:46:58', '2013-12-18 08:46:58'),
(121, 1, '8a32e6e7e96851e9749c5f0f2ca16e6b', '2 weeks', 0, '2013-12-04 08:47:01', '2013-12-18 08:47:01'),
(122, 1, '2ce8968545b2c4d192e811554d25175a', '2 weeks', 1, '2013-12-04 08:47:15', '2013-12-18 08:47:15'),
(123, 1, '0979d52e05f427dbfde13fcbfe53000f', '2 weeks', 0, '2013-12-04 11:00:04', '2013-12-18 11:00:04'),
(124, 1, '09ff74d7e5588332d7707d3303795ce2', '2 weeks', 1, '2013-12-04 11:32:27', '2013-12-18 11:32:27'),
(125, 1, '665cd240f6ac9e5c75c3d5c795163763', '2 weeks', 0, '2013-12-04 12:38:19', '2013-12-18 12:38:19'),
(126, 1, 'f2f5f5bf5ace8de0deb4bbd85178b9a5', '2 weeks', 1, '2013-12-04 12:39:38', '2013-12-18 12:39:38'),
(127, 1, '43f419318219a47e9e982691b4fc4534', '2 weeks', 0, '2013-12-04 12:47:26', '2013-12-18 12:47:26'),
(128, 1, '35ebee23ddf61f2f726525bc8ceb2b1d', '2 weeks', 0, '2013-12-04 12:54:01', '2013-12-18 12:54:01'),
(129, 1, '7137e45b30e912c6ad5daadd44a31b59', '2 weeks', 1, '2013-12-04 13:11:34', '2013-12-18 13:11:34'),
(130, 1, 'ee81d005ce0c310f16b214f8a563a771', '2 weeks', 0, '2013-12-04 23:00:59', '2013-12-18 23:00:59'),
(131, 1, 'ea1b40ac7bd07ae6458679f5807e8276', '2 weeks', 0, '2013-12-04 23:04:19', '2013-12-18 23:04:19'),
(132, 1, 'c6958dddb1be8dff123cb17cc9710e0a', '2 weeks', 0, '2013-12-04 23:04:22', '2013-12-18 23:04:22'),
(133, 1, '31e599b06ef665c4f13fd92218152c42', '2 weeks', 1, '2013-12-04 23:05:14', '2013-12-18 23:05:14'),
(134, 1, '778832b6a432280281b984abebef834c', '2 weeks', 0, '2013-12-05 02:41:47', '2013-12-19 02:41:47'),
(135, 1, 'a845d7d92697d343d02319ac274c8980', '2 weeks', 0, '2013-12-05 04:07:36', '2013-12-19 04:07:36'),
(136, 1, '9faa0a0a7724a97b71185b8402d02f1a', '2 weeks', 0, '2013-12-05 04:08:55', '2013-12-19 04:08:55'),
(137, 1, '6f0ef08e6727f74a9e943e90b6daab80', '2 weeks', 1, '2013-12-05 04:59:05', '2013-12-19 04:59:05'),
(138, 1, 'b6efdd73f68c22cfef31dafd607b587d', '2 weeks', 0, '2013-12-05 06:39:15', '2013-12-19 06:39:15'),
(139, 1, '12b0ddeeae446b08d352247cf5d3fdd7', '2 weeks', 0, '2013-12-05 08:09:08', '2013-12-19 08:09:08'),
(140, 1, '47c64d475868de6ea1406e8075184e89', '2 weeks', 1, '2013-12-05 08:11:58', '2013-12-19 08:11:58'),
(141, 1, '2c4dcf07c6ff3058bd97302115eecb80', '2 weeks', 0, '2013-12-06 00:31:38', '2013-12-20 00:31:38'),
(142, 1, 'd0673b04641dc5ed76dfb2ca88454ee4', '2 weeks', 0, '2013-12-06 00:32:08', '2013-12-20 00:32:08'),
(143, 1, 'bcf8747c18432a77cfa60b2461c8c396', '2 weeks', 0, '2013-12-06 00:32:13', '2013-12-20 00:32:13'),
(144, 1, '126851bc0cd5d59ba6b6fad2f974cf75', '2 weeks', 0, '2013-12-06 00:32:20', '2013-12-20 00:32:20'),
(145, 1, '90ca5f4ef4a78f2d49ecf7d34f666c3e', '2 weeks', 0, '2013-12-06 00:32:24', '2013-12-20 00:32:24'),
(146, 1, '7b409ff9762f0049c32fab11d9a05728', '2 weeks', 0, '2013-12-06 00:32:44', '2013-12-20 00:32:44'),
(147, 1, 'f88a8c3ac79dd781317c3fefb9ce345f', '2 weeks', 0, '2013-12-06 00:32:49', '2013-12-20 00:32:49'),
(148, 1, 'c2c1d0faddb9a9bc9f4f01bc16e14ebc', '2 weeks', 0, '2013-12-06 00:43:18', '2013-12-20 00:43:18'),
(149, 1, '207e16d0152bed791c34a8e9c5b5a6fd', '2 weeks', 0, '2013-12-06 00:45:32', '2013-12-20 00:45:32'),
(150, 1, '13bc0376cfadca1a0fb5ceced4d5f160', '2 weeks', 0, '2013-12-06 00:47:01', '2013-12-20 00:47:01'),
(151, 1, 'cb1b8de666a1ac376695214b5dca47b3', '2 weeks', 0, '2013-12-06 00:47:22', '2013-12-20 00:47:22'),
(152, 1, '5e26421ddbb95beaee41497eb7724e72', '2 weeks', 1, '2013-12-06 01:26:19', '2013-12-20 01:26:19'),
(153, 0, '21dd9ecc80c5a07b78c4a95058a3f19a', '2 weeks', 0, '2013-12-06 02:21:47', '2013-12-20 02:21:47'),
(154, 1, 'eba7658629c20359e5ab51bbb9222552', '2 weeks', 1, '2013-12-06 03:45:59', '2013-12-20 03:45:59'),
(155, 1, 'ad64c40f20eaa9ebf1e4154fc681af88', '2 weeks', 0, '2013-12-06 05:27:18', '2013-12-20 05:27:18'),
(156, 1, '03e092c014ab44ad4749fe4535db62c9', '2 weeks', 1, '2013-12-06 05:53:24', '2013-12-20 05:53:24'),
(157, 1, '40141e78fac6a3cd3737fdc9c12ea25e', '2 weeks', 1, '2013-12-06 06:03:45', '2013-12-20 06:03:45'),
(158, 1, '12cd71fa48db2dfcd97d9eae9d403b27', '2 weeks', 1, '2013-12-06 07:47:42', '2013-12-20 07:47:42'),
(159, 1, '087e1bb73473ed2c5f999186c924bb7b', '2 weeks', 1, '2013-12-06 13:43:26', '2013-12-20 13:43:26'),
(160, 1, '70173d75a80a6e81f2e30609c881309e', '2 weeks', 0, '2013-12-06 14:19:33', '2013-12-20 14:19:33'),
(161, 1, '1e3c565dea4c7d29e2c812b6bb3a7158', '2 weeks', 0, '2013-12-06 23:29:15', '2013-12-20 23:29:15'),
(162, 1, '999c231f6f20bf63a41c0f39cc29e73b', '2 weeks', 1, '2013-12-07 11:05:18', '2013-12-21 11:05:18'),
(163, 0, '910fe72644608b165bc81f5587a70c6b', '2 weeks', 0, '2013-12-07 11:35:20', '2013-12-21 11:35:20'),
(164, 0, '2d102c6a8dcbfda4128f404d821b109d', '2 weeks', 0, '2013-12-07 11:35:20', '2013-12-21 11:35:20'),
(165, 1, 'c7f03a572920b91ed646c763abc21f54', '2 weeks', 0, '2013-12-08 03:41:51', '2013-12-22 03:41:51'),
(166, 1, 'b1de288e399bb0e61ef3b8b4c4196c79', '2 weeks', 0, '2013-12-08 03:45:24', '2013-12-22 03:45:24'),
(167, 1, 'f66d85895ed6bc31f12f7ebd9988cdd3', '2 weeks', 1, '2013-12-08 03:47:04', '2013-12-22 03:47:04'),
(168, 1, 'b6488782c79262e008a890eca6113c85', '2 weeks', 0, '2013-12-08 03:49:01', '2013-12-22 03:49:01'),
(169, 1, 'f73da5758515a264b6acfe084422ccd8', '2 weeks', 0, '2013-12-08 03:49:49', '2013-12-22 03:49:49'),
(170, 1, '83094747e4e494c098a69248f243f16b', '2 weeks', 0, '2013-12-08 03:50:35', '2013-12-22 03:50:35'),
(171, 1, '35d15385d4d2ead4cf0cabf8ec183bad', '2 weeks', 0, '2013-12-08 03:51:01', '2013-12-22 03:51:01'),
(172, 1, '2a188041949a5f3b767c00ebdd501f1d', '2 weeks', 0, '2013-12-08 03:54:55', '2013-12-22 03:54:55'),
(173, 1, '31944c8b02d23099ad812e9bc2dec36f', '2 weeks', 0, '2013-12-08 04:36:43', '2013-12-22 04:36:43'),
(174, 1, 'b36fb2a327939c39682946de53bfdac0', '2 weeks', 0, '2013-12-08 04:42:17', '2013-12-22 04:42:17'),
(175, 1, 'd4f560bf1ffed23dfc9189a9fddd306f', '2 weeks', 0, '2013-12-08 04:44:11', '2013-12-22 04:44:11'),
(176, 1, '16f44d55312ffa0eb9107ba1d0641747', '2 weeks', 0, '2013-12-08 04:58:08', '2013-12-22 04:58:08'),
(177, 1, '9168e14c725d6b29e6caf8bb7201b3bf', '2 weeks', 0, '2013-12-08 05:00:44', '2013-12-22 05:00:44'),
(178, 1, '9cbeb930245c7c9e4f9b1caf2217ff74', '2 weeks', 0, '2013-12-08 05:01:42', '2013-12-22 05:01:42'),
(179, 1, 'b85babde21e835823f19af94ba349352', '2 weeks', 0, '2013-12-08 05:07:02', '2013-12-22 05:07:02'),
(180, 1, 'dc29233935a48df4fc7e99dd587f6335', '2 weeks', 0, '2013-12-08 05:35:39', '2013-12-22 05:35:39'),
(181, 1, 'be8644e4d35cd561b5116f733e5a6012', '2 weeks', 0, '2013-12-08 05:37:48', '2013-12-22 05:37:48'),
(182, 1, '60202e277986200c9cbc2c44a3fba4b5', '2 weeks', 1, '2013-12-08 09:51:13', '2013-12-22 09:51:13'),
(183, 1, '861dd0e79ea14b4a4a9315555e27be4c', '2 weeks', 0, '2013-12-08 12:07:11', '2013-12-22 12:07:11'),
(184, 1, 'e921089dd073d350391aa67bb70fe737', '2 weeks', 0, '2013-12-08 23:39:17', '2013-12-22 23:39:17'),
(185, 1, '9692033eccaeb4b485a60b35a9dd840f', '2 weeks', 0, '2013-12-08 23:39:23', '2013-12-22 23:39:23'),
(327, 3, 'f5f28da464c55fa284552f2aad54ab7e', '2 weeks', 0, '2014-01-17 04:11:41', '2014-01-31 04:11:41'),
(187, 1, '594d2969fdb13c01bdedea4b7a50cca0', '2 weeks', 1, '2013-12-09 00:54:14', '2013-12-23 00:54:14'),
(188, 1, 'f056b23b85ca6500099bd05d01fb9ac6', '2 weeks', 1, '2013-12-09 01:58:01', '2013-12-23 01:58:01'),
(326, 1, '5c98cb2c827ff4f99653c1cfaf227965', '2 weeks', 0, '2014-01-17 04:08:18', '2014-01-31 04:08:18'),
(325, 3, '8f3f9de83d3210fb53f047ae1c4e3a9b', '2 weeks', 0, '2014-01-17 04:07:42', '2014-01-31 04:07:42'),
(191, 1, '27abf682eceb25b56be17eb6f55aa7c0', '2 weeks', 1, '2013-12-09 04:49:42', '2013-12-23 04:49:42'),
(192, 1, 'b4847bbfd2a30a8c54713d4a5b59647e', '2 weeks', 0, '2013-12-09 05:12:43', '2013-12-23 05:12:43'),
(193, 1, 'b792129588ca186f408fe99c5a659476', '2 weeks', 0, '2013-12-09 23:34:00', '2013-12-23 23:34:00'),
(194, 1, 'a3da9f945ce6c8bfb8d2d912b9f19b2c', '2 weeks', 1, '2013-12-09 23:55:08', '2013-12-23 23:55:08'),
(195, 1, 'aed749dc676e8407f0d5b7908f5ac3c0', '2 weeks', 1, '2013-12-10 01:18:05', '2013-12-24 01:18:05'),
(196, 1, '41b942859b2cc06050cbd62bb9e92334', '2 weeks', 1, '2013-12-10 02:45:33', '2013-12-24 02:45:33'),
(197, 1, 'cf88c514c72271604b07c6bacb01f2ae', '2 weeks', 1, '2013-12-10 05:26:30', '2013-12-24 05:26:30'),
(198, 1, 'caef9a5946f158c20389acd765065bf1', '2 weeks', 1, '2013-12-10 12:23:17', '2013-12-24 12:23:17'),
(199, 1, '8a6d051348d4503c46b99fde5e34d13c', '2 weeks', 1, '2013-12-11 03:08:15', '2013-12-25 03:08:15'),
(200, 1, '06eb3fbbdc1c724f8204f9c782b86fe4', '2 weeks', 1, '2013-12-11 04:41:32', '2013-12-25 04:41:32'),
(201, 1, '76d2c15f6ae897bc1a46152da386cd5c', '2 weeks', 1, '2013-12-11 07:20:02', '2013-12-25 07:20:02'),
(202, 1, '0371e59a0afd3eeebdb0407fdd021ba0', '2 weeks', 1, '2013-12-11 12:56:44', '2013-12-25 12:56:44'),
(203, 1, '00fa003b0e40c8b50cf668f32780369f', '2 weeks', 1, '2013-12-11 13:49:02', '2013-12-25 13:49:02'),
(204, 1, '4cf40090425cc0634a776846be805081', '2 weeks', 1, '2013-12-12 00:34:53', '2013-12-26 00:34:53'),
(205, 1, 'e5c8caf85d36472681e7c39c1dbb8b02', '2 weeks', 1, '2013-12-12 01:12:03', '2013-12-26 01:12:03'),
(206, 1, '6850a64bdace5fb02b11a3eab52b1367', '2 weeks', 0, '2013-12-12 02:00:46', '2013-12-26 02:00:46'),
(207, 1, '11ea8e8b2bd6bbcbea8dfdd10d581222', '2 weeks', 1, '2013-12-12 03:46:13', '2013-12-26 03:46:13'),
(208, 1, 'ff6282af3181b0ff520e6235a6f12f0e', '2 weeks', 1, '2013-12-12 04:38:10', '2013-12-26 04:38:10'),
(209, 1, '3bf38dbadda0ba0f76d892d8402c8946', '2 weeks', 1, '2013-12-12 08:44:32', '2013-12-26 08:44:32'),
(210, 1, '0288f6cd84f469d2cadc867055743cd4', '2 weeks', 0, '2013-12-13 05:23:09', '2013-12-27 05:23:09'),
(211, 1, 'a224f248575535f536a4c1e0d1dde2bb', '2 weeks', 0, '2013-12-13 05:59:52', '2013-12-27 05:59:52'),
(212, 1, 'ab96accf2a7b6c62ea86e95386793fb3', '2 weeks', 1, '2013-12-13 09:30:23', '2013-12-27 09:30:23'),
(213, 1, '0bb4a228e578fa9bed1b8ae4139ae13c', '2 weeks', 0, '2013-12-14 05:35:01', '2013-12-28 05:35:01'),
(214, 1, '7b5faf8d5a0254bae855c2f5a18d2841', '2 weeks', 1, '2013-12-14 06:22:15', '2013-12-28 06:22:15'),
(215, 1, '703b105b90852849522b8c9c59c07a24', '2 weeks', 0, '2013-12-15 23:36:23', '2013-12-29 23:36:23'),
(216, 1, 'a47b1a4a95d7fe2b9ea08ce6746fe93c', '2 weeks', 0, '2013-12-16 01:00:24', '2013-12-30 01:00:24'),
(217, 1, '2635531c50ffb423bf192ea8bf1f08ad', '2 weeks', 0, '2013-12-16 03:15:39', '2013-12-30 03:15:39'),
(218, 1, '39ddeee4a4e87fe82fdec0e7ae93d222', '2 weeks', 1, '2013-12-16 04:59:46', '2013-12-30 04:59:45'),
(219, 1, '172f56671c11a3fd2e537f156039ace9', '2 weeks', 1, '2013-12-16 11:22:14', '2013-12-30 11:22:14'),
(220, 1, '9d0a58243e173ce554cf35de005d4bef', '2 weeks', 1, '2013-12-16 12:13:09', '2013-12-30 12:13:09'),
(221, 1, 'd3236abcda3a642e1dbba5e4b4a7654a', '2 weeks', 0, '2013-12-16 14:29:39', '2013-12-30 14:29:39'),
(222, 1, '054fc7249ea5a662209bc73fbbf4e45c', '2 weeks', 1, '2013-12-17 00:07:43', '2013-12-31 00:07:43'),
(223, 1, 'cd65b8eba9af6f98803f8cf7db3ab1f2', '2 weeks', 1, '2013-12-17 01:40:32', '2013-12-31 01:40:32'),
(224, 1, '242214a040548257851ca3bacdb1bf46', '2 weeks', 0, '2013-12-17 03:55:16', '2013-12-31 03:55:16'),
(225, 1, 'a98849b0efbba50891c5bafd0f75df3c', '2 weeks', 1, '2013-12-17 04:08:07', '2013-12-31 04:08:07'),
(226, 1, '86313ac50948b0388236333deee4cfd1', '2 weeks', 1, '2013-12-17 04:55:22', '2013-12-31 04:55:22'),
(227, 1, '964a9b8236ffa5459a0eff8e6f7feffd', '2 weeks', 0, '2013-12-17 12:53:40', '2013-12-31 12:53:40'),
(228, 1, 'dfc3e99f74209b9b584d823039e42ccb', '2 weeks', 1, '2013-12-18 00:13:32', '2014-01-01 00:13:32'),
(229, 1, '4ee55e332b3ca91d5726721333077083', '2 weeks', 1, '2013-12-18 01:13:38', '2014-01-01 01:13:38'),
(230, 1, '22fb901e45727239dc8c939b85847f0f', '2 weeks', 1, '2013-12-18 01:47:12', '2014-01-01 01:47:12'),
(231, 1, '6c92a343146aa009aa3412617df2e956', '2 weeks', 0, '2013-12-18 03:39:12', '2014-01-01 03:39:12'),
(232, 1, '0ca819a681f7c527c5b500049a02f1c9', '2 weeks', 1, '2013-12-18 04:12:22', '2014-01-01 04:12:22'),
(233, 1, '72b40a913faccb816abb493961ae2b28', '2 weeks', 1, '2013-12-18 05:45:31', '2014-01-01 05:45:31'),
(234, 1, '95a834bb54aa838d2f35a7a25b7374ad', '2 weeks', 1, '2013-12-18 08:13:07', '2014-01-01 08:13:07'),
(235, 1, 'dc5c8fe3bf036b98461b31da0f5be21c', '2 weeks', 1, '2013-12-18 13:08:25', '2014-01-01 13:08:25'),
(236, 1, '18d9b600e80593d372e11d4738c5e66a', '2 weeks', 1, '2013-12-19 06:44:59', '2014-01-02 06:44:59'),
(237, 1, '3b0455b0c5abbf9a36bd769cf78f1614', '2 weeks', 1, '2013-12-19 09:27:46', '2014-01-02 09:27:46'),
(238, 1, 'f0333f3f4a98e9ce299902d117aebdce', '2 weeks', 0, '2013-12-19 13:49:16', '2014-01-02 13:49:16'),
(239, 1, '3766a94f95ed6a9938b188c1883282e7', '2 weeks', 1, '2013-12-19 13:49:16', '2014-01-02 13:49:16'),
(240, 1, '6d6a11af989a10d0c05afe0b8fc5b84e', '2 weeks', 1, '2013-12-20 00:35:36', '2014-01-03 00:35:36'),
(241, 1, 'a198a31767aebade3d4db0081bee2dff', '2 weeks', 1, '2013-12-20 03:50:09', '2014-01-03 03:50:09'),
(242, 1, '8424e2e8b08f5c7cd789b832810bf559', '2 weeks', 1, '2013-12-20 04:47:35', '2014-01-03 04:47:35'),
(243, 1, 'fb48b1902c92c4616232538e62f96a31', '2 weeks', 0, '2013-12-20 06:33:52', '2014-01-03 06:33:52'),
(244, 1, '62b7ee2a5c0d49185f0259c9d2307169', '2 weeks', 1, '2013-12-20 08:17:26', '2014-01-03 08:17:26'),
(245, 1, 'f7eb5b70b585d1a16007c8ed7ed46efa', '2 weeks', 1, '2013-12-20 09:08:36', '2014-01-03 09:08:36'),
(246, 1, '4b778c61025310599b0f6e9a60ed8d1e', '2 weeks', 1, '2013-12-20 12:12:51', '2014-01-03 12:12:51'),
(247, 1, '5a06242bdae4d661cd96288fb4d1228c', '2 weeks', 0, '2013-12-20 12:45:40', '2014-01-03 12:45:40'),
(248, 1, '34f278b6e162f4967e478f7da2c934fa', '2 weeks', 1, '2013-12-21 00:32:10', '2014-01-04 00:32:10'),
(249, 1, '7a23bbbcfddc34c3557cfcf9ce43d1d3', '2 weeks', 1, '2013-12-21 07:23:22', '2014-01-04 07:23:22'),
(250, 1, '44dd05cba63e33a7b2a92099260a1383', '2 weeks', 1, '2013-12-21 13:27:52', '2014-01-04 13:27:52'),
(251, 1, '4a5f15f9b3162f1acad4dfb412fab0e1', '2 weeks', 0, '2013-12-22 11:56:59', '2014-01-05 11:56:59'),
(252, 1, '512b5a1f492f47ec04923abbe70221fb', '2 weeks', 1, '2013-12-23 00:19:52', '2014-01-06 00:19:52'),
(253, 1, 'ce3ac93cad71678d8ce23ab6ecd6b66d', '2 weeks', 1, '2013-12-23 03:54:00', '2014-01-06 03:54:00'),
(254, 1, '9a7283a6073c228afec3a2e9b6a7b39b', '2 weeks', 1, '2013-12-23 04:21:54', '2014-01-06 04:21:54'),
(255, 1, '7791008fd10026c0980496c915897d7b', '2 weeks', 0, '2013-12-23 08:22:02', '2014-01-06 08:22:02'),
(256, 1, '6218a51d784ae7f05cd2b8124dda704b', '2 weeks', 1, '2013-12-23 12:49:29', '2014-01-06 12:49:29'),
(257, 1, '5f70fa87660204d0fd15c94604fb1ce2', '2 weeks', 1, '2013-12-24 08:34:20', '2014-01-07 08:34:20'),
(258, 1, 'c1585aff32a4bbc96a4489c2ba582d1e', '2 weeks', 1, '2013-12-24 12:23:08', '2014-01-07 12:23:08'),
(259, 1, '00add374b2420e7c66de70477b34223c', '2 weeks', 1, '2013-12-24 12:34:46', '2014-01-07 12:34:46'),
(260, 1, '5e527d389b9debe55616ea8b709f2758', '2 weeks', 1, '2013-12-25 00:51:27', '2014-01-08 00:51:27'),
(261, 1, 'ab2f0c06b9d8e8f5a5fef02055c6c9de', '2 weeks', 1, '2013-12-25 01:43:24', '2014-01-08 01:43:24'),
(262, 1, 'f0e34f8a58921d8e5d56d9a0cae6c442', '2 weeks', 1, '2013-12-25 10:00:41', '2014-01-08 10:00:41'),
(263, 1, 'd5f82440705c4b227b197d22c5e67996', '2 weeks', 0, '2013-12-25 12:50:14', '2014-01-08 12:50:14'),
(264, 1, '91288085edec88291b333df3d252c946', '2 weeks', 1, '2013-12-25 23:34:03', '2014-01-08 23:34:03'),
(265, 1, '2ccb49e36bfdd5f28fccc77520daa067', '2 weeks', 1, '2013-12-26 00:49:17', '2014-01-09 00:49:17'),
(266, 1, '9ff51c3ac9c4f69161c7b1d04c2348af', '2 weeks', 1, '2013-12-26 03:55:48', '2014-01-09 03:55:48'),
(267, 1, '26a9ad1dd235db8a5fb6a8fee69632f8', '2 weeks', 1, '2013-12-26 06:11:02', '2014-01-09 06:11:02'),
(268, 1, '927a701a01e86a599468e6d37ddbe3b2', '2 weeks', 1, '2013-12-26 07:53:44', '2014-01-09 07:53:44'),
(269, 1, 'fed6a132540b634008590d784f74fb9e', '2 weeks', 1, '2013-12-26 08:10:39', '2014-01-09 08:10:39'),
(270, 1, '5afb50a8d8e0106a6d90ef3dae45e384', '2 weeks', 0, '2013-12-26 11:42:10', '2014-01-09 11:42:10'),
(271, 1, '7fa5cbd64ec8ebabaf8c4ef20b8b4c56', '2 weeks', 1, '2013-12-27 02:33:06', '2014-01-10 02:33:06'),
(272, 1, 'b99215783797d02fa83f01d56b5dd020', '2 weeks', 0, '2013-12-27 04:30:33', '2014-01-10 04:30:33'),
(273, 1, '6a1d10acfac62481e3cc19d5d39c3829', '2 weeks', 0, '2013-12-29 01:53:09', '2014-01-12 01:53:09'),
(274, 1, 'e2f40e6098ec524ca005f6d09d8cf4d6', '2 weeks', 1, '2013-12-29 23:55:20', '2014-01-12 23:55:20'),
(275, 1, '764db2da851038ab906d736cf86e1011', '2 weeks', 0, '2013-12-30 01:08:26', '2014-01-13 01:08:26'),
(276, 1, 'a61cef6fcb4e3cf2e8c553b9911a0973', '2 weeks', 1, '2013-12-30 02:13:55', '2014-01-13 02:13:55'),
(277, 1, '2b80678a6e2ad0cd0a1ef8a96baacfcd', '2 weeks', 1, '2013-12-30 03:44:19', '2014-01-13 03:44:19'),
(278, 1, '149db2e88fb44cff8c650ec57384f973', '2 weeks', 1, '2013-12-30 05:33:20', '2014-01-13 05:33:20'),
(279, 1, '6975c5255e34765ce5668a2f3ec9ff9e', '2 weeks', 0, '2013-12-30 06:14:24', '2014-01-13 06:14:24'),
(280, 1, '5df119df375cd4507bb12ce9f1b1b4c4', '2 weeks', 1, '2013-12-31 00:13:10', '2014-01-14 00:13:10'),
(281, 1, 'ecd21e176713b61ab98fd44068bf854a', '2 weeks', 1, '2013-12-31 04:16:55', '2014-01-14 04:16:55'),
(282, 1, 'fd21e8e743885a27c6ef40e81ba8a2da', '2 weeks', 1, '2013-12-31 07:59:42', '2014-01-14 07:59:42'),
(283, 1, 'ed709eb0e67bca8fa21b0b2db67c7e44', '2 weeks', 0, '2013-12-31 09:19:24', '2014-01-14 09:19:24'),
(284, 1, '38bd93ef2299120867fb62ea3dd4ccf6', '2 weeks', 1, '2013-12-31 09:19:25', '2014-01-14 09:19:25'),
(285, 1, 'f01eb0e211d4b05b9263fb182d3602c1', '2 weeks', 0, '2013-12-31 12:26:03', '2014-01-14 12:26:03'),
(286, 1, '3448672d7a25eb6964da2e68cee3e359', '2 weeks', 0, '2013-12-31 15:00:33', '2014-01-14 15:00:33'),
(287, 1, '9eab5b544200c87d7dfbece36f4dd878', '2 weeks', 1, '2014-01-02 00:23:13', '2014-01-16 00:23:13'),
(288, 1, '6caed99ddfc73ee4b17375374b7a6198', '2 weeks', 0, '2014-01-02 04:05:29', '2014-01-16 04:05:29'),
(289, 1, 'd41246c7f5d0fa2d240d044e17af98c2', '2 weeks', 1, '2014-01-02 04:25:08', '2014-01-16 04:25:08'),
(290, 1, '6b4b51d5b631597fd993613e93a3383f', '2 weeks', 0, '2014-01-02 05:48:46', '2014-01-16 05:48:46'),
(291, 1, 'd32d2a2e15bb3170c111033dddf5b05a', '2 weeks', 1, '2014-01-02 07:12:37', '2014-01-16 07:12:37'),
(292, 1, '15441c856cca93f4e67536ab50b564d0', '2 weeks', 0, '2014-01-02 11:53:32', '2014-01-16 11:53:32'),
(293, 1, '1f52da8025495c490160b6530d5be4ba', '2 weeks', 0, '2014-01-02 12:47:51', '2014-01-16 12:47:51'),
(294, 1, 'f41bd16c2be07bd005e8a5938e145e93', '2 weeks', 0, '2014-01-02 12:48:21', '2014-01-16 12:48:21'),
(295, 1, '0be577fae9d83cd55e42470931de7305', '2 weeks', 0, '2014-01-02 13:37:05', '2014-01-16 13:37:05'),
(296, 1, 'f00a3d9f3b5ee37bf42fe9547712cf08', '2 weeks', 0, '2014-01-02 14:07:45', '2014-01-16 14:07:45'),
(297, 1, '23bd71746f19924132a1d3cb12353e68', '2 weeks', 0, '2014-01-02 23:39:11', '2014-01-16 23:39:11'),
(298, 1, '622e7c6f467dd9b1882670d69debfcf0', '2 weeks', 0, '2014-01-02 23:59:01', '2014-01-16 23:59:01'),
(299, 1, '77e8312f9b995a0ca27ec0ea603c8b05', '2 weeks', 0, '2014-01-03 00:01:30', '2014-01-17 00:01:30'),
(300, 1, '7cdb3105f794b50a586c93971d31b92e', '2 weeks', 0, '2014-01-03 04:23:00', '2014-01-17 04:23:00'),
(301, 1, 'ef3d7f03a569e0dcbf1cf1b43832c2a1', '2 weeks', 0, '2014-01-03 07:48:56', '2014-01-17 07:48:56'),
(302, 1, 'a6c28b638e3136e40b48dd885a7b2693', '2 weeks', 0, '2014-01-03 23:48:56', '2014-01-17 23:48:56'),
(303, 1, 'ff1434f96e8dbaa966fec39a8616d9d3', '2 weeks', 0, '2014-01-06 01:44:27', '2014-01-20 01:44:27'),
(304, 1, '79bc76d32273f72b75aa486809407c59', '2 weeks', 0, '2014-01-14 06:17:31', '2014-01-28 06:17:31'),
(305, 1, '6cf3d57555a2e5248c3ae04eda261864', '2 weeks', 0, '2014-01-14 06:18:54', '2014-01-28 06:18:54'),
(306, 1, '6d81478a9b9efc3f25af29ebc4702392', '2 weeks', 0, '2014-01-14 06:24:43', '2014-01-28 06:24:43'),
(307, 1, '6ac02843562c23800b203f2bf6d8fa4d', '2 weeks', 1, '2014-01-15 00:36:29', '2014-01-29 00:36:29'),
(308, 1, 'c8977552486ff56f2de986a3ca525149', '2 weeks', 1, '2014-01-15 04:19:02', '2014-01-29 04:19:02'),
(309, 1, '40e8c9db772dc4725496541bc140d37e', '2 weeks', 0, '2014-01-15 06:32:46', '2014-01-29 06:32:46'),
(310, 1, '3599dbadd7b86fdecd28fc2524c3f67e', '2 weeks', 1, '2014-01-15 07:57:36', '2014-01-29 07:57:36'),
(311, 1, '158eef25ea5dc463d2834479b88a2526', '2 weeks', 1, '2014-01-15 13:32:26', '2014-01-29 13:32:26'),
(312, 1, '6bbdc983799028d703f3c3f00308e469', '2 weeks', 1, '2014-01-16 00:04:15', '2014-01-30 00:04:15'),
(313, 1, 'ca7f813aa8da7ea48aa02460e2b784a4', '2 weeks', 0, '2014-01-16 00:57:43', '2014-01-30 00:57:43'),
(314, 1, '5e3d3084e0cf7a7e85e003f6d96193d1', '2 weeks', 1, '2014-01-16 02:41:46', '2014-01-30 02:41:46'),
(315, 1, '12390a79dd7336329a1efaa36f30b3ee', '2 weeks', 1, '2014-01-16 06:22:32', '2014-01-30 06:22:32'),
(316, 1, '061361b6f185a2c658c8dfbc27b0642b', '2 weeks', 1, '2014-01-16 07:57:25', '2014-01-30 07:57:25'),
(317, 1, 'cde65158b7f5ade4e4dd6a64e3722c70', '2 weeks', 1, '2014-01-16 07:57:36', '2014-01-30 07:57:36'),
(318, 1, '34c49af8aa08aa7d4bfcd5a987e01d1a', '2 weeks', 0, '2014-01-16 13:43:50', '2014-01-30 13:43:50'),
(319, 1, '66c712f293b4c155cfb3f5e7a0fe92d8', '2 weeks', 0, '2014-01-16 13:43:50', '2014-01-30 13:43:50'),
(320, 1, '31e6a90c572bc8c26bd4f25f83a12017', '2 weeks', 0, '2014-01-17 00:35:37', '2014-01-31 00:35:37'),
(321, 1, '1874a43b71dd72c2246d1854d9807074', '2 weeks', 1, '2014-01-17 02:29:43', '2014-01-31 02:29:43'),
(322, 1, '35cef59c6ede514899878b18bb0121c1', '2 weeks', 0, '2014-01-17 04:02:29', '2014-01-31 04:02:29'),
(323, 1, '10a7c592af8d655c835d26e3f647d7d8', '2 weeks', 0, '2014-01-17 04:06:47', '2014-01-31 04:06:47'),
(324, 5, 'df1205ebb516b51ce49b3b16cff7916c', '2 weeks', 0, '2014-01-17 04:07:07', '2014-01-31 04:07:07'),
(338, 1, '82371f67635c072278c4e4e2975ab890', '2 weeks', 0, '2014-01-18 01:49:58', '2014-02-01 01:49:58'),
(339, 1, '5e7823033bd72b9a6af1ad1f0b08e32e', '2 weeks', 0, '2014-01-19 07:02:30', '2014-02-02 07:02:30'),
(340, 1, 'aa63e80eec47acc25c23501d67e5401b', '2 weeks', 1, '2014-01-19 08:19:59', '2014-02-02 08:19:59'),
(341, 1, '18cc9fe2c34eaf235560d641576eb5ff', '2 weeks', 0, '2014-01-19 09:44:18', '2014-02-02 09:44:18'),
(342, 1, 'f2e2529e52c4f93254d0307b65ead80a', '2 weeks', 0, '2014-01-19 13:33:04', '2014-02-02 13:33:04'),
(343, 1, 'ca87656c6878c6e84d38aa5b2f956458', '2 weeks', 1, '2014-01-20 00:29:37', '2014-02-03 00:29:37'),
(344, 1, '0ff17953f613ec8816c5c91db484e178', '2 weeks', 1, '2014-01-20 01:31:49', '2014-02-03 01:31:49'),
(345, 1, 'e6b099251ad8051fdd4e154a10a82512', '2 weeks', 0, '2014-01-20 04:12:38', '2014-02-03 04:12:38'),
(346, 1, '37d72ac5737f153e60f49b56f5990bbd', '2 weeks', 0, '2014-01-20 12:18:35', '2014-02-03 12:18:35'),
(347, 1, '45ea50d0af4a203bb53b41222b6f6b15', '2 weeks', 1, '2014-01-21 01:11:09', '2014-02-04 01:11:09'),
(348, 1, 'f26e6d45eb3db9cd99df71ec1582d121', '2 weeks', 1, '2014-01-21 04:15:21', '2014-02-04 04:15:21'),
(349, 1, '783b854e81c9feea3385d3f0fed035bc', '2 weeks', 1, '2014-01-21 05:29:12', '2014-02-04 05:29:12'),
(350, 1, 'bc035e83105e01d4195df7afa6e0f8a2', '2 weeks', 1, '2014-01-21 07:47:10', '2014-02-04 07:47:10'),
(351, 1, '8d4f64d5031297d046881d286b6ee0f1', '2 weeks', 0, '2014-01-21 09:55:03', '2014-02-04 09:55:03'),
(352, 1, '5d8b84d64f4b2a4739b4acf161d493ce', '2 weeks', 1, '2014-01-21 12:24:58', '2014-02-04 12:24:58'),
(353, 1, '923262414d6f8486b1a9bc029a02e184', '2 weeks', 0, '2014-01-21 14:18:48', '2014-02-04 14:18:48'),
(354, 1, '4ef5c65c9deb4fd7e051683b3a17873f', '2 weeks', 1, '2014-01-21 14:18:55', '2014-02-04 14:18:55'),
(355, 1, 'bfc2681815d617819f84d90e3aefd302', '2 weeks', 1, '2014-01-21 23:07:16', '2014-02-04 23:07:16'),
(356, 1, '22a2a5e2bbe6e7f9a366f1ab633ae00a', '2 weeks', 1, '2014-01-22 03:08:15', '2014-02-05 03:08:15'),
(357, 1, '900f7a62e83a6fafd4a1f0ff9eedb8ac', '2 weeks', 1, '2014-01-22 04:28:05', '2014-02-05 04:28:05'),
(358, 1, '234f2e6c9394ff70567b6bb47ae33b05', '2 weeks', 1, '2014-01-22 06:40:50', '2014-02-05 06:40:50'),
(359, 1, 'd0fe7e52ccb5449632cef0e38cb02022', '2 weeks', 0, '2014-01-22 07:10:31', '2014-02-05 07:10:31'),
(360, 1, '8a27635f3f5d527256d05ccd50efc97d', '2 weeks', 1, '2014-01-22 07:46:28', '2014-02-05 07:46:28'),
(361, 1, '3b562978fdd1b18eaacc11b58b914bbc', '2 weeks', 1, '2014-01-22 09:35:35', '2014-02-05 09:35:35'),
(362, 1, '80a7e35489bf016fcf10d3a03a1b0529', '2 weeks', 0, '2014-01-22 12:00:19', '2014-02-05 12:00:19'),
(363, 1, '45381fef457d4d80303952ec30efcdcf', '2 weeks', 0, '2014-01-23 01:23:42', '2014-02-06 01:23:42'),
(364, 1, '87627147eff698a1dd25e5e3de233e82', '2 weeks', 1, '2014-01-24 05:08:22', '2014-02-07 05:08:22'),
(365, 1, '11229e29d624799f78456de1e6dfd322', '2 weeks', 0, '2014-01-25 13:50:00', '2014-02-08 13:50:00'),
(366, 1, 'b2059396d1701a992ec107cf37961a44', '2 weeks', 0, '2014-01-25 13:50:00', '2014-02-08 13:50:00'),
(367, 1, 'aa0de05a8777b2ece74569fbd88aeb7a', '2 weeks', 0, '2014-01-27 00:51:02', '2014-02-10 00:51:02');

-- --------------------------------------------------------

--
-- Table structure for table `payments`
--

CREATE TABLE IF NOT EXISTS `payments` (
  `id` int(11) NOT NULL AUTO_INCREMENT,
  `customer_id` varchar(50) NOT NULL,
  `slug` varchar(20) NOT NULL,
  `neft` varchar(10) NOT NULL,
  `bank_account` varchar(50) NOT NULL,
  `bank_name` varchar(30) NOT NULL,
  `branch_name` varchar(30) NOT NULL,
  `acc_no` int(20) NOT NULL,
  `ifsc_code` varchar(12) NOT NULL,
  `cheque` varchar(3) NOT NULL,
  `name_on_address` varchar(20) NOT NULL,
  `address` varchar(100) NOT NULL,
  `city` varchar(30) NOT NULL,
  `state` varchar(30) NOT NULL,
  `pincode` int(10) NOT NULL,
  `mobile` varchar(12) NOT NULL,
  `createdby` varchar(20) NOT NULL,
  `createddate` timestamp NOT NULL DEFAULT CURRENT_TIMESTAMP ON UPDATE CURRENT_TIMESTAMP,
  `modifiedby` varchar(20) NOT NULL,
  `modifieddate` timestamp NOT NULL DEFAULT '0000-00-00 00:00:00',
  PRIMARY KEY (`id`)
) ENGINE=InnoDB  DEFAULT CHARSET=latin1 AUTO_INCREMENT=28 ;

--
-- Dumping data for table `payments`
--

INSERT INTO `payments` (`id`, `customer_id`, `slug`, `neft`, `bank_account`, `bank_name`, `branch_name`, `acc_no`, `ifsc_code`, `cheque`, `name_on_address`, `address`, `city`, `state`, `pincode`, `mobile`, `createdby`, `createddate`, `modifiedby`, `modifieddate`) VALUES
(12, '52d51de8-d150-45b0-97f1-1b7d4939c5d1', 'shivamohm', 'yes', 'SHivam Awasthi', 'fsdfsdfsdfsdf', 'Akbarpur', 2147483647, '91772672541', '', 'Shivam Awasthi', 'Shivam Awasthi', 'Shivam Awasthi', 'Uttar Pradesh', 121212, '9328173218', '', '2014-01-17 09:34:04', '', '0000-00-00 00:00:00'),
(27, '52d8fdd2-4af4-479f-849b-20504939c5d1', 'way2online', 'yes', 'Way Online', 'fsdfsdfsdfsdf', 'Akbarpur', 2147483647, '91772672541', 'yes', 'dsadsadas', 'dsadasdasda', 'asdasdasd', 'Madhya Pradesh', 131232, '3123213123', '', '2014-01-24 10:15:12', '', '0000-00-00 00:00:00');

-- --------------------------------------------------------

--
-- Table structure for table `posts`
--

CREATE TABLE IF NOT EXISTS `posts` (
  `id` int(10) unsigned NOT NULL AUTO_INCREMENT,
  `title` varchar(50) DEFAULT NULL,
  `body` text,
  `created` datetime DEFAULT NULL,
  `modified` datetime DEFAULT NULL,
  PRIMARY KEY (`id`),
  KEY `title` (`title`)
) ENGINE=InnoDB  DEFAULT CHARSET=latin1 AUTO_INCREMENT=2 ;

--
-- Dumping data for table `posts`
--

INSERT INTO `posts` (`id`, `title`, `body`, `created`, `modified`) VALUES
(1, 'sas', 'ASASASASA', '2013-12-16 02:26:45', '2013-12-16 02:28:54');

-- --------------------------------------------------------

--
-- Table structure for table `stores`
--

CREATE TABLE IF NOT EXISTS `stores` (
  `id` int(11) NOT NULL AUTO_INCREMENT,
  `name` varchar(50) NOT NULL,
  `storeurl` varchar(160) NOT NULL,
  `affiliatesurl` varchar(200) NOT NULL,
  `storedesc` varchar(255) NOT NULL,
  `owner_email` varchar(150) NOT NULL,
  `owner_name` varchar(50) NOT NULL,
  `owner_mobile` varchar(11) NOT NULL,
  `image` varchar(50) NOT NULL,
  `status` int(1) NOT NULL,
  `store_offer_detail` text NOT NULL,
  `noofclick` int(11) NOT NULL,
  `createdby` varchar(50) NOT NULL,
  `createddate` datetime NOT NULL,
  `modifiedby` varchar(50) NOT NULL,
  `modifieddate` datetime NOT NULL,
  PRIMARY KEY (`id`)
) ENGINE=InnoDB  DEFAULT CHARSET=latin1 AUTO_INCREMENT=8 ;

--
-- Dumping data for table `stores`
--

INSERT INTO `stores` (`id`, `name`, `storeurl`, `affiliatesurl`, `storedesc`, `owner_email`, `owner_name`, `owner_mobile`, `image`, `status`, `store_offer_detail`, `noofclick`, `createdby`, `createddate`, `modifiedby`, `modifieddate`) VALUES
(1, 'Snapdeal', '', '', 'Snapdeal', '', '', '', '', 1, '', 0, '', '0000-00-00 00:00:00', '', '0000-00-00 00:00:00'),
(2, 'Myntra', '', '', 'Myntra', '', '', '', '', 1, '', 0, '', '0000-00-00 00:00:00', '', '0000-00-00 00:00:00'),
(3, 'Zovi', '', '', 'Zovi', '', '', '', '', 1, '', 0, '', '0000-00-00 00:00:00', '', '0000-00-00 00:00:00'),
(4, 'Trend In', '', '', 'Trend In', '', '', '', '', 1, '', 0, '', '0000-00-00 00:00:00', '', '0000-00-00 00:00:00'),
(5, 'Yebhi', '', '', 'Yebhi', '', '', '', '', 1, '', 0, '', '0000-00-00 00:00:00', '', '0000-00-00 00:00:00'),
(6, 'Pepperfry', '', '', 'Pepperfry', '', '', '', '', 1, '', 0, '', '0000-00-00 00:00:00', '', '0000-00-00 00:00:00'),
(7, 'Shopclues', '', '', 'Shopclues', '', '', '', '', 1, '', 0, '', '0000-00-00 00:00:00', '', '0000-00-00 00:00:00');

-- --------------------------------------------------------

--
-- Table structure for table `tasks`
--

CREATE TABLE IF NOT EXISTS `tasks` (
  `id` int(10) unsigned NOT NULL AUTO_INCREMENT,
  `title` varchar(250) NOT NULL,
  `desc` varchar(250) NOT NULL,
  `user_id` int(10) NOT NULL,
  `group_id` int(11) NOT NULL,
  `user_name` varchar(20) NOT NULL,
  `status` varchar(1) NOT NULL,
  `created` datetime DEFAULT NULL,
  `modified` datetime DEFAULT NULL,
  PRIMARY KEY (`id`)
) ENGINE=InnoDB DEFAULT CHARSET=latin1 AUTO_INCREMENT=1 ;

-- --------------------------------------------------------

--
-- Table structure for table `users`
--

CREATE TABLE IF NOT EXISTS `users` (
  `id` int(11) NOT NULL AUTO_INCREMENT,
  `user_group_id` int(11) unsigned DEFAULT NULL,
  `username` varchar(100) DEFAULT NULL,
  `password` varchar(255) DEFAULT NULL,
  `salt` text,
  `email` varchar(100) DEFAULT NULL,
  `first_name` varchar(100) DEFAULT NULL,
  `last_name` varchar(100) DEFAULT NULL,
  `email_verified` int(1) DEFAULT '0',
  `active` int(1) NOT NULL DEFAULT '0',
  `ip_address` varchar(50) DEFAULT NULL,
  `created` datetime DEFAULT NULL,
  `modified` datetime DEFAULT NULL,
  PRIMARY KEY (`id`),
  KEY `user` (`username`),
  KEY `mail` (`email`),
  KEY `users_FKIndex1` (`user_group_id`)
) ENGINE=InnoDB  DEFAULT CHARSET=latin1 AUTO_INCREMENT=6 ;

--
-- Dumping data for table `users`
--

INSERT INTO `users` (`id`, `user_group_id`, `username`, `password`, `salt`, `email`, `first_name`, `last_name`, `email_verified`, `active`, `ip_address`, `created`, `modified`) VALUES
(1, 1, 'admin', '365caef7fccbdb1ee711f084be9317a7', '1e6d99570a4d37cc29b18c4a6b06e6ed', 'admin@admin.com', 'Admin', '', 1, 1, '', '2013-11-27 17:53:01', '2013-11-27 17:53:01'),
(2, 4, 'shivam', 'fa14a97e31f6b98d2ad774f121a6e2aa', '04476f12ada60e7e5f0f9c39248e6029', 'awasthi.shivam@gmail.com', 'shivam', 'awasthi', 1, 1, NULL, '2013-11-27 07:33:51', '2014-01-17 04:20:36'),
(3, 4, 'shivam1', '5e408384419a1914f689c3c1ec37de89', '13b9d0c6d1d29555effb4944d432b473', 'shivam@shivam.com', 'awasthi', 'awasthi', 1, 1, NULL, '2013-11-28 02:10:31', '2014-01-17 04:22:43'),
(4, 2, 'pinkesh', '9d403bf5d744c49363151918426422b5', 'a8854f6285932f49fb7f62c691182575', 'pinkesh@gmail.com', 'pinkesh', 'singh', 0, 1, '127.0.0.1', '2013-12-04 13:11:17', '2013-12-04 13:11:17'),
(5, 1, 'ssas', 'bb8be7ece4411ef48e6cdd8c784dfa88', '5bdbee51d41778a22c441cc93af6f6ba', 'aa@admin.com', 'sasa', 'SAS', 1, 1, NULL, '2013-12-08 12:16:10', '2014-01-17 04:06:59');

-- --------------------------------------------------------

--
-- Table structure for table `user_groups`
--

CREATE TABLE IF NOT EXISTS `user_groups` (
  `id` int(11) NOT NULL AUTO_INCREMENT,
  `name` varchar(100) DEFAULT NULL,
  `alias_name` varchar(100) DEFAULT NULL,
  `allowRegistration` int(1) NOT NULL DEFAULT '1',
  `created` datetime DEFAULT NULL,
  `modified` datetime DEFAULT NULL,
  PRIMARY KEY (`id`)
) ENGINE=InnoDB  DEFAULT CHARSET=latin1 AUTO_INCREMENT=5 ;

--
-- Dumping data for table `user_groups`
--

INSERT INTO `user_groups` (`id`, `name`, `alias_name`, `allowRegistration`, `created`, `modified`) VALUES
(1, 'Admin', 'Admin', 0, '2013-11-27 17:53:01', '2013-12-09 00:55:32'),
(2, 'User', 'User', 1, '2013-11-27 17:53:01', '2013-11-27 17:53:01'),
(3, 'Guest', 'Guest', 1, '2013-11-27 17:53:01', '2014-01-02 13:36:48'),
(4, 'Sales', 'sales', 1, '2013-12-09 00:56:32', '2013-12-09 00:56:32');

-- --------------------------------------------------------

--
-- Table structure for table `user_group_permissions`
--

CREATE TABLE IF NOT EXISTS `user_group_permissions` (
  `id` int(10) unsigned NOT NULL AUTO_INCREMENT,
  `user_group_id` int(10) unsigned NOT NULL,
  `controller` varchar(50) CHARACTER SET latin1 COLLATE latin1_general_ci NOT NULL,
  `action` varchar(100) CHARACTER SET latin1 COLLATE latin1_general_ci NOT NULL,
  `allowed` tinyint(1) unsigned NOT NULL DEFAULT '1',
  PRIMARY KEY (`id`)
) ENGINE=InnoDB  DEFAULT CHARSET=latin1 AUTO_INCREMENT=465 ;

--
-- Dumping data for table `user_group_permissions`
--

INSERT INTO `user_group_permissions` (`id`, `user_group_id`, `controller`, `action`, `allowed`) VALUES
(1, 1, 'Pages', 'display', 1),
(2, 2, 'Pages', 'display', 1),
(3, 3, 'Pages', 'display', 1),
(4, 1, 'UserGroupPermissions', 'index', 1),
(5, 2, 'UserGroupPermissions', 'index', 0),
(6, 3, 'UserGroupPermissions', 'index', 0),
(7, 1, 'UserGroupPermissions', 'update', 1),
(8, 2, 'UserGroupPermissions', 'update', 0),
(9, 3, 'UserGroupPermissions', 'update', 0),
(10, 1, 'UserGroups', 'index', 1),
(11, 2, 'UserGroups', 'index', 0),
(12, 3, 'UserGroups', 'index', 0),
(13, 1, 'UserGroups', 'addGroup', 1),
(14, 2, 'UserGroups', 'addGroup', 0),
(15, 3, 'UserGroups', 'addGroup', 0),
(16, 1, 'UserGroups', 'editGroup', 1),
(17, 2, 'UserGroups', 'editGroup', 0),
(18, 3, 'UserGroups', 'editGroup', 0),
(19, 1, 'UserGroups', 'deleteGroup', 1),
(20, 2, 'UserGroups', 'deleteGroup', 0),
(21, 3, 'UserGroups', 'deleteGroup', 0),
(22, 1, 'Users', 'index', 1),
(23, 2, 'Users', 'index', 0),
(24, 3, 'Users', 'index', 0),
(25, 1, 'Users', 'viewUser', 1),
(26, 2, 'Users', 'viewUser', 0),
(27, 3, 'Users', 'viewUser', 0),
(28, 1, 'Users', 'myprofile', 1),
(29, 2, 'Users', 'myprofile', 1),
(30, 3, 'Users', 'myprofile', 0),
(31, 1, 'Users', 'login', 1),
(32, 2, 'Users', 'login', 1),
(33, 3, 'Users', 'login', 1),
(34, 1, 'Users', 'logout', 1),
(35, 2, 'Users', 'logout', 1),
(36, 3, 'Users', 'logout', 1),
(37, 1, 'Users', 'register', 1),
(38, 2, 'Users', 'register', 1),
(39, 3, 'Users', 'register', 1),
(40, 1, 'Users', 'changePassword', 1),
(41, 2, 'Users', 'changePassword', 1),
(42, 3, 'Users', 'changePassword', 0),
(43, 1, 'Users', 'changeUserPassword', 1),
(44, 2, 'Users', 'changeUserPassword', 0),
(45, 3, 'Users', 'changeUserPassword', 0),
(46, 1, 'Users', 'addUser', 1),
(47, 2, 'Users', 'addUser', 0),
(48, 3, 'Users', 'addUser', 0),
(49, 1, 'Users', 'editUser', 1),
(50, 2, 'Users', 'editUser', 0),
(51, 3, 'Users', 'editUser', 0),
(52, 1, 'Users', 'dashboard', 1),
(53, 2, 'Users', 'dashboard', 1),
(54, 3, 'Users', 'dashboard', 0),
(55, 1, 'Users', 'deleteUser', 1),
(56, 2, 'Users', 'deleteUser', 0),
(57, 3, 'Users', 'deleteUser', 0),
(58, 1, 'Users', 'makeActive', 1),
(59, 2, 'Users', 'makeActive', 0),
(60, 3, 'Users', 'makeActive', 0),
(61, 1, 'Users', 'accessDenied', 1),
(62, 2, 'Users', 'accessDenied', 1),
(63, 3, 'Users', 'accessDenied', 1),
(64, 1, 'Users', 'userVerification', 1),
(65, 2, 'Users', 'userVerification', 1),
(66, 3, 'Users', 'userVerification', 1),
(67, 1, 'Users', 'forgotPassword', 1),
(68, 2, 'Users', 'forgotPassword', 1),
(69, 3, 'Users', 'forgotPassword', 1),
(70, 1, 'Users', 'makeActiveInactive', 1),
(71, 2, 'Users', 'makeActiveInactive', 0),
(72, 3, 'Users', 'makeActiveInactive', 0),
(73, 1, 'Users', 'verifyEmail', 1),
(74, 2, 'Users', 'verifyEmail', 0),
(75, 3, 'Users', 'verifyEmail', 0),
(76, 1, 'Users', 'activatePassword', 1),
(77, 2, 'Users', 'activatePassword', 1),
(78, 3, 'Users', 'activatePassword', 1),
(79, 1, 'Tasks', 'index', 1),
(80, 2, 'Tasks', 'index', 1),
(81, 3, 'Tasks', 'index', 1),
(82, 1, 'Tasks', 'add', 1),
(83, 2, 'Tasks', 'add', 1),
(84, 3, 'Tasks', 'add', 0),
(85, 1, 'Brands', 'index', 1),
(86, 2, 'Brands', 'index', 1),
(87, 3, 'Brands', 'index', 0),
(88, 1, 'Brands', 'view', 1),
(89, 2, 'Brands', 'view', 1),
(90, 3, 'Brands', 'view', 0),
(91, 1, 'Brands', 'add', 1),
(92, 2, 'Brands', 'add', 1),
(93, 3, 'Brands', 'add', 0),
(94, 1, 'Brands', 'edit', 1),
(95, 2, 'Brands', 'edit', 1),
(96, 3, 'Brands', 'edit', 0),
(97, 1, 'Brands', 'delete', 1),
(98, 2, 'Brands', 'delete', 1),
(99, 3, 'Brands', 'delete', 0),
(100, 1, 'Categories', 'index', 1),
(101, 2, 'Categories', 'index', 1),
(102, 3, 'Categories', 'index', 0),
(103, 1, 'Categories', 'view', 1),
(104, 2, 'Categories', 'view', 1),
(105, 3, 'Categories', 'view', 0),
(106, 1, 'Categories', 'add', 1),
(107, 2, 'Categories', 'add', 1),
(108, 3, 'Categories', 'add', 0),
(109, 1, 'Categories', 'edit', 1),
(110, 2, 'Categories', 'edit', 1),
(111, 3, 'Categories', 'edit', 0),
(112, 1, 'Categories', 'delete', 1),
(113, 2, 'Categories', 'delete', 1),
(114, 3, 'Categories', 'delete', 0),
(115, 1, 'Stores', 'delete', 1),
(116, 2, 'Stores', 'delete', 1),
(117, 3, 'Stores', 'delete', 0),
(118, 1, 'Stores', 'edit', 1),
(119, 2, 'Stores', 'edit', 1),
(120, 3, 'Stores', 'edit', 0),
(121, 1, 'Stores', 'add', 1),
(122, 2, 'Stores', 'add', 1),
(123, 3, 'Stores', 'add', 0),
(124, 1, 'Stores', 'view', 1),
(125, 2, 'Stores', 'view', 1),
(126, 3, 'Stores', 'view', 0),
(127, 1, 'Stores', 'index', 1),
(128, 2, 'Stores', 'index', 1),
(129, 3, 'Stores', 'index', 0),
(130, 1, 'Brands', 'admin_index', 1),
(131, 2, 'Brands', 'admin_index', 0),
(132, 3, 'Brands', 'admin_index', 0),
(133, 1, 'Brands', 'admin_view', 1),
(134, 2, 'Brands', 'admin_view', 0),
(135, 3, 'Brands', 'admin_view', 0),
(136, 1, 'Brands', 'admin_add', 1),
(137, 2, 'Brands', 'admin_add', 0),
(138, 3, 'Brands', 'admin_add', 0),
(139, 1, 'Brands', 'admin_edit', 1),
(140, 2, 'Brands', 'admin_edit', 0),
(141, 3, 'Brands', 'admin_edit', 0),
(142, 1, 'Brands', 'admin_delete', 1),
(143, 2, 'Brands', 'admin_delete', 0),
(144, 3, 'Brands', 'admin_delete', 0),
(145, 1, 'Categories', 'admin_index', 1),
(146, 2, 'Categories', 'admin_index', 1),
(147, 3, 'Categories', 'admin_index', 0),
(148, 1, 'Categories', 'admin_view', 1),
(149, 2, 'Categories', 'admin_view', 1),
(150, 3, 'Categories', 'admin_view', 0),
(151, 1, 'Categories', 'admin_add', 1),
(152, 2, 'Categories', 'admin_add', 0),
(153, 3, 'Categories', 'admin_add', 0),
(154, 1, 'Categories', 'admin_edit', 1),
(155, 2, 'Categories', 'admin_edit', 1),
(156, 3, 'Categories', 'admin_edit', 0),
(157, 1, 'Posts', 'index', 1),
(158, 2, 'Posts', 'index', 0),
(159, 3, 'Posts', 'index', 0),
(160, 1, 'Posts', 'view', 1),
(161, 2, 'Posts', 'view', 0),
(162, 3, 'Posts', 'view', 0),
(163, 1, 'Posts', 'add', 1),
(164, 2, 'Posts', 'add', 0),
(165, 3, 'Posts', 'add', 0),
(166, 1, 'Stores', 'admin_index', 1),
(167, 2, 'Stores', 'admin_index', 1),
(168, 3, 'Stores', 'admin_index', 0),
(169, 1, 'Stores', 'admin_view', 1),
(170, 2, 'Stores', 'admin_view', 1),
(171, 3, 'Stores', 'admin_view', 0),
(172, 1, 'Stores', 'admin_add', 1),
(173, 2, 'Stores', 'admin_add', 1),
(174, 3, 'Stores', 'admin_add', 0),
(175, 1, 'Stores', 'admin_edit', 1),
(176, 2, 'Stores', 'admin_edit', 1),
(177, 3, 'Stores', 'admin_edit', 0),
(178, 1, 'Stores', 'admin_delete', 1),
(179, 2, 'Stores', 'admin_delete', 1),
(180, 3, 'Stores', 'admin_delete', 0),
(181, 1, 'Tasks', 'admin_index', 1),
(182, 2, 'Tasks', 'admin_index', 0),
(183, 3, 'Tasks', 'admin_index', 0),
(184, 1, 'Tasks', 'admin_add', 1),
(185, 2, 'Tasks', 'admin_add', 0),
(186, 3, 'Tasks', 'admin_add', 0),
(187, 1, 'Tasks', 'admin_edit', 1),
(188, 2, 'Tasks', 'admin_edit', 0),
(189, 3, 'Tasks', 'admin_edit', 0),
(190, 1, 'Tasks', 'admin_delete', 1),
(191, 2, 'Tasks', 'admin_delete', 0),
(192, 3, 'Tasks', 'admin_delete', 0),
(193, 1, 'Users', 'emailVerification', 1),
(194, 2, 'Users', 'emailVerification', 1),
(195, 3, 'Users', 'emailVerification', 0),
(196, 1, 'Pages', 'index', 1),
(197, 2, 'Pages', 'index', 1),
(198, 3, 'Pages', 'index', 1),
(199, 1, 'Stores', 'admin_getsubcat', 1),
(200, 2, 'Stores', 'admin_getsubcat', 1),
(201, 3, 'Stores', 'admin_getsubcat', 0),
(202, 4, 'Pages', 'index', 1),
(203, 4, 'Pages', 'display', 1),
(204, 1, 'Customers', 'payment', 0),
(205, 2, 'Customers', 'payment', 1),
(206, 3, 'Customers', 'payment', 1),
(207, 4, 'Customers', 'payment', 0),
(208, 1, 'Customers', 'isAuthorized', 0),
(209, 2, 'Customers', 'isAuthorized', 1),
(210, 3, 'Customers', 'isAuthorized', 1),
(211, 4, 'Customers', 'isAuthorized', 0),
(212, 1, 'Customers', 'reset_password', 0),
(213, 2, 'Customers', 'reset_password', 0),
(214, 3, 'Customers', 'reset_password', 1),
(215, 4, 'Customers', 'reset_password', 0),
(216, 1, 'Customers', 'change_password', 0),
(217, 2, 'Customers', 'change_password', 1),
(218, 3, 'Customers', 'change_password', 1),
(219, 4, 'Customers', 'change_password', 0),
(220, 1, 'Customers', 'request_new_password', 0),
(221, 2, 'Customers', 'request_new_password', 1),
(222, 3, 'Customers', 'request_new_password', 1),
(223, 4, 'Customers', 'request_new_password', 0),
(224, 1, 'Customers', 'verify', 0),
(225, 2, 'Customers', 'verify', 1),
(226, 3, 'Customers', 'verify', 1),
(227, 4, 'Customers', 'verify', 0),
(228, 1, 'Customers', 'resend_verification', 0),
(229, 2, 'Customers', 'resend_verification', 1),
(230, 3, 'Customers', 'resend_verification', 1),
(231, 4, 'Customers', 'resend_verification', 0),
(232, 1, 'Customers', 'logout', 0),
(233, 2, 'Customers', 'logout', 1),
(234, 3, 'Customers', 'logout', 1),
(235, 4, 'Customers', 'logout', 0),
(236, 1, 'Customers', 'search', 0),
(237, 2, 'Customers', 'search', 1),
(238, 3, 'Customers', 'search', 1),
(239, 4, 'Customers', 'search', 0),
(240, 1, 'Customers', 'login', 0),
(241, 2, 'Customers', 'login', 1),
(242, 3, 'Customers', 'login', 1),
(243, 4, 'Customers', 'login', 0),
(244, 1, 'Customers', 'add', 0),
(245, 2, 'Customers', 'add', 1),
(246, 3, 'Customers', 'add', 1),
(247, 4, 'Customers', 'add', 0),
(248, 1, 'Customers', 'admin_search', 0),
(249, 2, 'Customers', 'admin_search', 1),
(250, 3, 'Customers', 'admin_search', 1),
(251, 4, 'Customers', 'admin_search', 0),
(252, 1, 'Customers', 'admin_delete', 0),
(253, 2, 'Customers', 'admin_delete', 0),
(254, 3, 'Customers', 'admin_delete', 1),
(255, 4, 'Customers', 'admin_delete', 0),
(256, 1, 'Customers', 'admin_edit', 0),
(257, 2, 'Customers', 'admin_edit', 1),
(258, 3, 'Customers', 'admin_edit', 1),
(259, 4, 'Customers', 'admin_edit', 0),
(260, 1, 'Customers', 'admin_add', 1),
(261, 2, 'Customers', 'admin_add', 1),
(262, 3, 'Customers', 'admin_add', 1),
(263, 4, 'Customers', 'admin_add', 0),
(264, 1, 'Customers', 'admin_view', 1),
(265, 2, 'Customers', 'admin_view', 1),
(266, 3, 'Customers', 'admin_view', 1),
(267, 4, 'Customers', 'admin_view', 0),
(268, 1, 'Customers', 'admin_index', 1),
(269, 2, 'Customers', 'admin_index', 1),
(270, 3, 'Customers', 'admin_index', 1),
(271, 4, 'Customers', 'admin_index', 0),
(272, 1, 'Customers', 'edit', 0),
(273, 2, 'Customers', 'edit', 1),
(274, 3, 'Customers', 'edit', 1),
(275, 4, 'Customers', 'edit', 0),
(276, 1, 'Customers', 'view', 0),
(277, 2, 'Customers', 'view', 1),
(278, 3, 'Customers', 'view', 1),
(279, 4, 'Customers', 'view', 0),
(280, 1, 'Customers', 'dashboard', 0),
(281, 2, 'Customers', 'dashboard', 0),
(282, 3, 'Customers', 'dashboard', 1),
(283, 4, 'Customers', 'dashboard', 0),
(284, 1, 'Customers', 'index', 0),
(285, 2, 'Customers', 'index', 1),
(286, 3, 'Customers', 'index', 1),
(287, 4, 'Customers', 'index', 0),
(288, 1, 'Affiliates', 'admin_delete', 0),
(289, 2, 'Affiliates', 'admin_delete', 0),
(290, 3, 'Affiliates', 'admin_delete', 0),
(291, 4, 'Affiliates', 'admin_delete', 0),
(292, 1, 'Affiliates', 'admin_edit', 0),
(293, 2, 'Affiliates', 'admin_edit', 0),
(294, 3, 'Affiliates', 'admin_edit', 0),
(295, 4, 'Affiliates', 'admin_edit', 1),
(296, 1, 'Affiliates', 'admin_add', 0),
(297, 2, 'Affiliates', 'admin_add', 1),
(298, 3, 'Affiliates', 'admin_add', 0),
(299, 4, 'Affiliates', 'admin_add', 0),
(300, 1, 'Affiliates', 'admin_view', 0),
(301, 2, 'Affiliates', 'admin_view', 0),
(302, 3, 'Affiliates', 'admin_view', 0),
(303, 4, 'Affiliates', 'admin_view', 1),
(304, 1, 'Affiliates', 'admin_index', 0),
(305, 2, 'Affiliates', 'admin_index', 0),
(306, 3, 'Affiliates', 'admin_index', 0),
(307, 4, 'Affiliates', 'admin_index', 1),
(308, 1, 'BrandsStores', 'admin_delete', 0),
(309, 2, 'BrandsStores', 'admin_delete', 1),
(310, 3, 'BrandsStores', 'admin_delete', 0),
(311, 4, 'BrandsStores', 'admin_delete', 0),
(312, 1, 'BrandsStores', 'admin_edit', 0),
(313, 2, 'BrandsStores', 'admin_edit', 1),
(314, 3, 'BrandsStores', 'admin_edit', 0),
(315, 4, 'BrandsStores', 'admin_edit', 0),
(316, 1, 'BrandsStores', 'admin_add', 0),
(317, 2, 'BrandsStores', 'admin_add', 1),
(318, 3, 'BrandsStores', 'admin_add', 0),
(319, 4, 'BrandsStores', 'admin_add', 0),
(320, 1, 'BrandsStores', 'admin_view', 0),
(321, 2, 'BrandsStores', 'admin_view', 1),
(322, 3, 'BrandsStores', 'admin_view', 0),
(323, 4, 'BrandsStores', 'admin_view', 0),
(324, 1, 'BrandsStores', 'admin_index', 0),
(325, 2, 'BrandsStores', 'admin_index', 1),
(326, 3, 'BrandsStores', 'admin_index', 0),
(327, 4, 'BrandsStores', 'admin_index', 0),
(328, 1, 'BrandsCashbacks', 'delete', 0),
(329, 2, 'BrandsCashbacks', 'delete', 1),
(330, 3, 'BrandsCashbacks', 'delete', 0),
(331, 4, 'BrandsCashbacks', 'delete', 0),
(332, 1, 'BrandsCashbacks', 'edit', 0),
(333, 2, 'BrandsCashbacks', 'edit', 1),
(334, 3, 'BrandsCashbacks', 'edit', 0),
(335, 4, 'BrandsCashbacks', 'edit', 0),
(336, 1, 'BrandsCashbacks', 'add', 0),
(337, 2, 'BrandsCashbacks', 'add', 1),
(338, 3, 'BrandsCashbacks', 'add', 0),
(339, 4, 'BrandsCashbacks', 'add', 0),
(340, 1, 'BrandsCashbacks', 'view', 0),
(341, 2, 'BrandsCashbacks', 'view', 1),
(342, 3, 'BrandsCashbacks', 'view', 0),
(343, 4, 'BrandsCashbacks', 'view', 0),
(344, 1, 'BrandsCashbacks', 'index', 0),
(345, 2, 'BrandsCashbacks', 'index', 1),
(346, 3, 'BrandsCashbacks', 'index', 0),
(347, 4, 'BrandsCashbacks', 'index', 0),
(348, 1, 'Cashbacks', 'admin_delete', 0),
(349, 2, 'Cashbacks', 'admin_delete', 0),
(350, 3, 'Cashbacks', 'admin_delete', 0),
(351, 4, 'Cashbacks', 'admin_delete', 0),
(352, 1, 'Cashbacks', 'admin_edit', 0),
(353, 2, 'Cashbacks', 'admin_edit', 1),
(354, 3, 'Cashbacks', 'admin_edit', 0),
(355, 4, 'Cashbacks', 'admin_edit', 0),
(356, 1, 'Cashbacks', 'admin_script', 0),
(357, 2, 'Cashbacks', 'admin_script', 1),
(358, 3, 'Cashbacks', 'admin_script', 0),
(359, 4, 'Cashbacks', 'admin_script', 0),
(360, 1, 'Cashbacks', 'admin_add', 0),
(361, 2, 'Cashbacks', 'admin_add', 1),
(362, 3, 'Cashbacks', 'admin_add', 0),
(363, 4, 'Cashbacks', 'admin_add', 0),
(364, 1, 'Cashbacks', 'admin_view', 0),
(365, 2, 'Cashbacks', 'admin_view', 1),
(366, 3, 'Cashbacks', 'admin_view', 0),
(367, 4, 'Cashbacks', 'admin_view', 0),
(368, 1, 'Cashbacks', 'admin_index', 0),
(369, 2, 'Cashbacks', 'admin_index', 1),
(370, 3, 'Cashbacks', 'admin_index', 0),
(371, 4, 'Cashbacks', 'admin_index', 0),
(372, 1, 'CategoriesCashbacks', 'delete', 0),
(373, 2, 'CategoriesCashbacks', 'delete', 0),
(374, 3, 'CategoriesCashbacks', 'delete', 0),
(375, 4, 'CategoriesCashbacks', 'delete', 0),
(376, 1, 'CategoriesCashbacks', 'edit', 0),
(377, 2, 'CategoriesCashbacks', 'edit', 1),
(378, 3, 'CategoriesCashbacks', 'edit', 0),
(379, 4, 'CategoriesCashbacks', 'edit', 0),
(380, 1, 'CategoriesCashbacks', 'add', 0),
(381, 2, 'CategoriesCashbacks', 'add', 1),
(382, 3, 'CategoriesCashbacks', 'add', 0),
(383, 4, 'CategoriesCashbacks', 'add', 0),
(384, 1, 'CategoriesCashbacks', 'view', 0),
(385, 2, 'CategoriesCashbacks', 'view', 1),
(386, 3, 'CategoriesCashbacks', 'view', 0),
(387, 4, 'CategoriesCashbacks', 'view', 0),
(388, 1, 'CategoriesCashbacks', 'index', 0),
(389, 2, 'CategoriesCashbacks', 'index', 1),
(390, 3, 'CategoriesCashbacks', 'index', 0),
(391, 4, 'CategoriesCashbacks', 'index', 0),
(392, 4, 'Categories', 'admin_edit', 0),
(393, 4, 'Categories', 'admin_add', 0),
(394, 4, 'Categories', 'admin_view', 0),
(395, 4, 'Categories', 'admin_index', 0),
(396, 1, 'CategoriesCoupons', 'edit', 0),
(397, 2, 'CategoriesCoupons', 'edit', 1),
(398, 3, 'CategoriesCoupons', 'edit', 0),
(399, 4, 'CategoriesCoupons', 'edit', 0),
(400, 1, 'CategoriesCoupons', 'add', 0),
(401, 2, 'CategoriesCoupons', 'add', 1),
(402, 3, 'CategoriesCoupons', 'add', 0),
(403, 4, 'CategoriesCoupons', 'add', 0),
(404, 1, 'CategoriesCoupons', 'view', 0),
(405, 2, 'CategoriesCoupons', 'view', 1),
(406, 3, 'CategoriesCoupons', 'view', 0),
(407, 4, 'CategoriesCoupons', 'view', 0),
(408, 1, 'CategoriesCoupons', 'index', 0),
(409, 2, 'CategoriesCoupons', 'index', 1),
(410, 3, 'CategoriesCoupons', 'index', 0),
(411, 4, 'CategoriesCoupons', 'index', 0),
(412, 1, 'CategoriesStores', 'delete', 0),
(413, 2, 'CategoriesStores', 'delete', 0),
(414, 3, 'CategoriesStores', 'delete', 0),
(415, 4, 'CategoriesStores', 'delete', 0),
(416, 1, 'CategoriesStores', 'edit', 0),
(417, 2, 'CategoriesStores', 'edit', 1),
(418, 3, 'CategoriesStores', 'edit', 0),
(419, 4, 'CategoriesStores', 'edit', 0),
(420, 1, 'CategoriesStores', 'add', 0),
(421, 2, 'CategoriesStores', 'add', 1),
(422, 3, 'CategoriesStores', 'add', 0),
(423, 4, 'CategoriesStores', 'add', 0),
(424, 1, 'CategoriesStores', 'view', 0),
(425, 2, 'CategoriesStores', 'view', 1),
(426, 3, 'CategoriesStores', 'view', 0),
(427, 4, 'CategoriesStores', 'view', 0),
(428, 1, 'CategoriesStores', 'index', 0),
(429, 2, 'CategoriesStores', 'index', 1),
(430, 3, 'CategoriesStores', 'index', 0),
(431, 4, 'CategoriesStores', 'index', 0),
(432, 1, 'Coupons', 'admin_delete', 0),
(433, 2, 'Coupons', 'admin_delete', 0),
(434, 3, 'Coupons', 'admin_delete', 0),
(435, 4, 'Coupons', 'admin_delete', 0),
(436, 1, 'Coupons', 'admin_edit', 0),
(437, 2, 'Coupons', 'admin_edit', 1),
(438, 3, 'Coupons', 'admin_edit', 0),
(439, 4, 'Coupons', 'admin_edit', 0),
(440, 1, 'Coupons', 'admin_script', 0),
(441, 2, 'Coupons', 'admin_script', 1),
(442, 3, 'Coupons', 'admin_script', 0),
(443, 4, 'Coupons', 'admin_script', 0),
(444, 1, 'Coupons', 'admin_add', 0),
(445, 2, 'Coupons', 'admin_add', 1),
(446, 3, 'Coupons', 'admin_add', 0),
(447, 4, 'Coupons', 'admin_add', 0),
(448, 1, 'Coupons', 'admin_view', 0),
(449, 2, 'Coupons', 'admin_view', 1),
(450, 3, 'Coupons', 'admin_view', 0),
(451, 4, 'Coupons', 'admin_view', 0),
(452, 1, 'Coupons', 'admin_index', 0),
(453, 2, 'Coupons', 'admin_index', 1),
(454, 3, 'Coupons', 'admin_index', 0),
(455, 4, 'Coupons', 'admin_index', 0),
(456, 4, 'Stores', 'admin_delete', 0),
(457, 4, 'Stores', 'admin_edit', 0),
(458, 4, 'Stores', 'admin_add', 0),
(459, 4, 'Stores', 'admin_view', 0),
(460, 4, 'Stores', 'admin_index', 0),
(461, 4, 'Brands', 'admin_edit', 0),
(462, 4, 'Brands', 'admin_add', 1),
(463, 4, 'Brands', 'admin_view', 1),
(464, 4, 'Brands', 'admin_index', 1);

/*!40101 SET CHARACTER_SET_CLIENT=@OLD_CHARACTER_SET_CLIENT */;
/*!40101 SET CHARACTER_SET_RESULTS=@OLD_CHARACTER_SET_RESULTS */;
/*!40101 SET COLLATION_CONNECTION=@OLD_COLLATION_CONNECTION */;
